Date,Day_Name,Month_Name,Year,Start_of_Year,Start_of_Month,Start_of_Week,Day_Of_Week,Weekend,short_day,short_month
2015-01-01,Thursday,January,2015,2015-01-01,2015-01-01,2014-12-29,4,Weekday,THU,JAN
2015-01-02,Friday,January,2015,2015-01-01,2015-01-01,2014-12-29,5,Weekday,FRI,JAN
2015-01-03,Saturday,January,2015,2015-01-01,2015-01-01,2014-12-29,6,Weekend,SAT,JAN
2015-01-04,Sunday,January,2015,2015-01-01,2015-01-01,2014-12-29,7,Weekend,SUN,JAN
2015-01-05,Monday,January,2015,2015-01-01,2015-01-01,2015-01-05,1,Weekday,MON,JAN
2015-01-06,Tuesday,January,2015,2015-01-01,2015-01-01,2015-01-05,2,Weekday,TUE,JAN
2015-01-07,Wednesday,January,2015,2015-01-01,2015-01-01,2015-01-05,3,Weekday,WED,JAN
2015-01-08,Thursday,January,2015,2015-01-01,2015-01-01,2015-01-05,4,Weekday,THU,JAN
2015-01-09,Friday,January,2015,2015-01-01,2015-01-01,2015-01-05,5,Weekday,FRI,JAN
2015-01-10,Saturday,January,2015,2015-01-01,2015-01-01,2015-01-05,6,Weekend,SAT,JAN
2015-01-11,Sunday,January,2015,2015-01-01,2015-01-01,2015-01-05,7,Weekend,SUN,JAN
2015-01-12,Monday,January,2015,2015-01-01,2015-01-01,2015-01-12,1,Weekday,MON,JAN
2015-01-13,Tuesday,January,2015,2015-01-01,2015-01-01,2015-01-12,2,Weekday,TUE,JAN
2015-01-14,Wednesday,January,2015,2015-01-01,2015-01-01,2015-01-12,3,Weekday,WED,JAN
2015-01-15,Thursday,January,2015,2015-01-01,2015-01-01,2015-01-12,4,Weekday,THU,JAN
2015-01-16,Friday,January,2015,2015-01-01,2015-01-01,2015-01-12,5,Weekday,FRI,JAN
2015-01-17,Saturday,January,2015,2015-01-01,2015-01-01,2015-01-12,6,Weekend,SAT,JAN
2015-01-18,Sunday,January,2015,2015-01-01,2015-01-01,2015-01-12,7,Weekend,SUN,JAN
2015-01-19,Monday,January,2015,2015-01-01,2015-01-01,2015-01-19,1,Weekday,MON,JAN
2015-01-20,Tuesday,January,2015,2015-01-01,2015-01-01,2015-01-19,2,Weekday,TUE,JAN
2015-01-21,Wednesday,January,2015,2015-01-01,2015-01-01,2015-01-19,3,Weekday,WED,JAN
2015-01-22,Thursday,January,2015,2015-01-01,2015-01-01,2015-01-19,4,Weekday,THU,JAN
2015-01-23,Friday,January,2015,2015-01-01,2015-01-01,2015-01-19,5,Weekday,FRI,JAN
2015-01-24,Saturday,January,2015,2015-01-01,2015-01-01,2015-01-19,6,Weekend,SAT,JAN
2015-01-25,Sunday,January,2015,2015-01-01,2015-01-01,2015-01-19,7,Weekend,SUN,JAN
2015-01-26,Monday,January,2015,2015-01-01,2015-01-01,2015-01-26,1,Weekday,MON,JAN
2015-01-27,Tuesday,January,2015,2015-01-01,2015-01-01,2015-01-26,2,Weekday,TUE,JAN
2015-01-28,Wednesday,January,2015,2015-01-01,2015-01-01,2015-01-26,3,Weekday,WED,JAN
2015-01-29,Thursday,January,2015,2015-01-01,2015-01-01,2015-01-26,4,Weekday,THU,JAN
2015-01-30,Friday,January,2015,2015-01-01,2015-01-01,2015-01-26,5,Weekday,FRI,JAN
2015-01-31,Saturday,January,2015,2015-01-01,2015-01-01,2015-01-26,6,Weekend,SAT,JAN
2015-02-01,Sunday,February,2015,2015-01-01,2015-02-01,2015-01-26,7,Weekend,SUN,FEB
2015-02-02,Monday,February,2015,2015-01-01,2015-02-01,2015-02-02,1,Weekday,MON,FEB
2015-02-03,Tuesday,February,2015,2015-01-01,2015-02-01,2015-02-02,2,Weekday,TUE,FEB
2015-02-04,Wednesday,February,2015,2015-01-01,2015-02-01,2015-02-02,3,Weekday,WED,FEB
2015-02-05,Thursday,February,2015,2015-01-01,2015-02-01,2015-02-02,4,Weekday,THU,FEB
2015-02-06,Friday,February,2015,2015-01-01,2015-02-01,2015-02-02,5,Weekday,FRI,FEB
2015-02-07,Saturday,February,2015,2015-01-01,2015-02-01,2015-02-02,6,Weekend,SAT,FEB
2015-02-08,Sunday,February,2015,2015-01-01,2015-02-01,2015-02-02,7,Weekend,SUN,FEB
2015-02-09,Monday,February,2015,2015-01-01,2015-02-01,2015-02-09,1,Weekday,MON,FEB
2015-02-10,Tuesday,February,2015,2015-01-01,2015-02-01,2015-02-09,2,Weekday,TUE,FEB
2015-02-11,Wednesday,February,2015,2015-01-01,2015-02-01,2015-02-09,3,Weekday,WED,FEB
2015-02-12,Thursday,February,2015,2015-01-01,2015-02-01,2015-02-09,4,Weekday,THU,FEB
2015-02-13,Friday,February,2015,2015-01-01,2015-02-01,2015-02-09,5,Weekday,FRI,FEB
2015-02-14,Saturday,February,2015,2015-01-01,2015-02-01,2015-02-09,6,Weekend,SAT,FEB
2015-02-15,Sunday,February,2015,2015-01-01,2015-02-01,2015-02-09,7,Weekend,SUN,FEB
2015-02-16,Monday,February,2015,2015-01-01,2015-02-01,2015-02-16,1,Weekday,MON,FEB
2015-02-17,Tuesday,February,2015,2015-01-01,2015-02-01,2015-02-16,2,Weekday,TUE,FEB
2015-02-18,Wednesday,February,2015,2015-01-01,2015-02-01,2015-02-16,3,Weekday,WED,FEB
2015-02-19,Thursday,February,2015,2015-01-01,2015-02-01,2015-02-16,4,Weekday,THU,FEB
2015-02-20,Friday,February,2015,2015-01-01,2015-02-01,2015-02-16,5,Weekday,FRI,FEB
2015-02-21,Saturday,February,2015,2015-01-01,2015-02-01,2015-02-16,6,Weekend,SAT,FEB
2015-02-22,Sunday,February,2015,2015-01-01,2015-02-01,2015-02-16,7,Weekend,SUN,FEB
2015-02-23,Monday,February,2015,2015-01-01,2015-02-01,2015-02-23,1,Weekday,MON,FEB
2015-02-24,Tuesday,February,2015,2015-01-01,2015-02-01,2015-02-23,2,Weekday,TUE,FEB
2015-02-25,Wednesday,February,2015,2015-01-01,2015-02-01,2015-02-23,3,Weekday,WED,FEB
2015-02-26,Thursday,February,2015,2015-01-01,2015-02-01,2015-02-23,4,Weekday,THU,FEB
2015-02-27,Friday,February,2015,2015-01-01,2015-02-01,2015-02-23,5,Weekday,FRI,FEB
2015-02-28,Saturday,February,2015,2015-01-01,2015-02-01,2015-02-23,6,Weekend,SAT,FEB
2015-03-01,Sunday,March,2015,2015-01-01,2015-03-01,2015-02-23,7,Weekend,SUN,MAR
2015-03-02,Monday,March,2015,2015-01-01,2015-03-01,2015-03-02,1,Weekday,MON,MAR
2015-03-03,Tuesday,March,2015,2015-01-01,2015-03-01,2015-03-02,2,Weekday,TUE,MAR
2015-03-04,Wednesday,March,2015,2015-01-01,2015-03-01,2015-03-02,3,Weekday,WED,MAR
2015-03-05,Thursday,March,2015,2015-01-01,2015-03-01,2015-03-02,4,Weekday,THU,MAR
2015-03-06,Friday,March,2015,2015-01-01,2015-03-01,2015-03-02,5,Weekday,FRI,MAR
2015-03-07,Saturday,March,2015,2015-01-01,2015-03-01,2015-03-02,6,Weekend,SAT,MAR
2015-03-08,Sunday,March,2015,2015-01-01,2015-03-01,2015-03-02,7,Weekend,SUN,MAR
2015-03-09,Monday,March,2015,2015-01-01,2015-03-01,2015-03-09,1,Weekday,MON,MAR
2015-03-10,Tuesday,March,2015,2015-01-01,2015-03-01,2015-03-09,2,Weekday,TUE,MAR
2015-03-11,Wednesday,March,2015,2015-01-01,2015-03-01,2015-03-09,3,Weekday,WED,MAR
2015-03-12,Thursday,March,2015,2015-01-01,2015-03-01,2015-03-09,4,Weekday,THU,MAR
2015-03-13,Friday,March,2015,2015-01-01,2015-03-01,2015-03-09,5,Weekday,FRI,MAR
2015-03-14,Saturday,March,2015,2015-01-01,2015-03-01,2015-03-09,6,Weekend,SAT,MAR
2015-03-15,Sunday,March,2015,2015-01-01,2015-03-01,2015-03-09,7,Weekend,SUN,MAR
2015-03-16,Monday,March,2015,2015-01-01,2015-03-01,2015-03-16,1,Weekday,MON,MAR
2015-03-17,Tuesday,March,2015,2015-01-01,2015-03-01,2015-03-16,2,Weekday,TUE,MAR
2015-03-18,Wednesday,March,2015,2015-01-01,2015-03-01,2015-03-16,3,Weekday,WED,MAR
2015-03-19,Thursday,March,2015,2015-01-01,2015-03-01,2015-03-16,4,Weekday,THU,MAR
2015-03-20,Friday,March,2015,2015-01-01,2015-03-01,2015-03-16,5,Weekday,FRI,MAR
2015-03-21,Saturday,March,2015,2015-01-01,2015-03-01,2015-03-16,6,Weekend,SAT,MAR
2015-03-22,Sunday,March,2015,2015-01-01,2015-03-01,2015-03-16,7,Weekend,SUN,MAR
2015-03-23,Monday,March,2015,2015-01-01,2015-03-01,2015-03-23,1,Weekday,MON,MAR
2015-03-24,Tuesday,March,2015,2015-01-01,2015-03-01,2015-03-23,2,Weekday,TUE,MAR
2015-03-25,Wednesday,March,2015,2015-01-01,2015-03-01,2015-03-23,3,Weekday,WED,MAR
2015-03-26,Thursday,March,2015,2015-01-01,2015-03-01,2015-03-23,4,Weekday,THU,MAR
2015-03-27,Friday,March,2015,2015-01-01,2015-03-01,2015-03-23,5,Weekday,FRI,MAR
2015-03-28,Saturday,March,2015,2015-01-01,2015-03-01,2015-03-23,6,Weekend,SAT,MAR
2015-03-29,Sunday,March,2015,2015-01-01,2015-03-01,2015-03-23,7,Weekend,SUN,MAR
2015-03-30,Monday,March,2015,2015-01-01,2015-03-01,2015-03-30,1,Weekday,MON,MAR
2015-03-31,Tuesday,March,2015,2015-01-01,2015-03-01,2015-03-30,2,Weekday,TUE,MAR
2015-04-01,Wednesday,April,2015,2015-01-01,2015-04-01,2015-03-30,3,Weekday,WED,APR
2015-04-02,Thursday,April,2015,2015-01-01,2015-04-01,2015-03-30,4,Weekday,THU,APR
2015-04-03,Friday,April,2015,2015-01-01,2015-04-01,2015-03-30,5,Weekday,FRI,APR
2015-04-04,Saturday,April,2015,2015-01-01,2015-04-01,2015-03-30,6,Weekend,SAT,APR
2015-04-05,Sunday,April,2015,2015-01-01,2015-04-01,2015-03-30,7,Weekend,SUN,APR
2015-04-06,Monday,April,2015,2015-01-01,2015-04-01,2015-04-06,1,Weekday,MON,APR
2015-04-07,Tuesday,April,2015,2015-01-01,2015-04-01,2015-04-06,2,Weekday,TUE,APR
2015-04-08,Wednesday,April,2015,2015-01-01,2015-04-01,2015-04-06,3,Weekday,WED,APR
2015-04-09,Thursday,April,2015,2015-01-01,2015-04-01,2015-04-06,4,Weekday,THU,APR
2015-04-10,Friday,April,2015,2015-01-01,2015-04-01,2015-04-06,5,Weekday,FRI,APR
2015-04-11,Saturday,April,2015,2015-01-01,2015-04-01,2015-04-06,6,Weekend,SAT,APR
2015-04-12,Sunday,April,2015,2015-01-01,2015-04-01,2015-04-06,7,Weekend,SUN,APR
2015-04-13,Monday,April,2015,2015-01-01,2015-04-01,2015-04-13,1,Weekday,MON,APR
2015-04-14,Tuesday,April,2015,2015-01-01,2015-04-01,2015-04-13,2,Weekday,TUE,APR
2015-04-15,Wednesday,April,2015,2015-01-01,2015-04-01,2015-04-13,3,Weekday,WED,APR
2015-04-16,Thursday,April,2015,2015-01-01,2015-04-01,2015-04-13,4,Weekday,THU,APR
2015-04-17,Friday,April,2015,2015-01-01,2015-04-01,2015-04-13,5,Weekday,FRI,APR
2015-04-18,Saturday,April,2015,2015-01-01,2015-04-01,2015-04-13,6,Weekend,SAT,APR
2015-04-19,Sunday,April,2015,2015-01-01,2015-04-01,2015-04-13,7,Weekend,SUN,APR
2015-04-20,Monday,April,2015,2015-01-01,2015-04-01,2015-04-20,1,Weekday,MON,APR
2015-04-21,Tuesday,April,2015,2015-01-01,2015-04-01,2015-04-20,2,Weekday,TUE,APR
2015-04-22,Wednesday,April,2015,2015-01-01,2015-04-01,2015-04-20,3,Weekday,WED,APR
2015-04-23,Thursday,April,2015,2015-01-01,2015-04-01,2015-04-20,4,Weekday,THU,APR
2015-04-24,Friday,April,2015,2015-01-01,2015-04-01,2015-04-20,5,Weekday,FRI,APR
2015-04-25,Saturday,April,2015,2015-01-01,2015-04-01,2015-04-20,6,Weekend,SAT,APR
2015-04-26,Sunday,April,2015,2015-01-01,2015-04-01,2015-04-20,7,Weekend,SUN,APR
2015-04-27,Monday,April,2015,2015-01-01,2015-04-01,2015-04-27,1,Weekday,MON,APR
2015-04-28,Tuesday,April,2015,2015-01-01,2015-04-01,2015-04-27,2,Weekday,TUE,APR
2015-04-29,Wednesday,April,2015,2015-01-01,2015-04-01,2015-04-27,3,Weekday,WED,APR
2015-04-30,Thursday,April,2015,2015-01-01,2015-04-01,2015-04-27,4,Weekday,THU,APR
2015-05-01,Friday,May,2015,2015-01-01,2015-05-01,2015-04-27,5,Weekday,FRI,MAY
2015-05-02,Saturday,May,2015,2015-01-01,2015-05-01,2015-04-27,6,Weekend,SAT,MAY
2015-05-03,Sunday,May,2015,2015-01-01,2015-05-01,2015-04-27,7,Weekend,SUN,MAY
2015-05-04,Monday,May,2015,2015-01-01,2015-05-01,2015-05-04,1,Weekday,MON,MAY
2015-05-05,Tuesday,May,2015,2015-01-01,2015-05-01,2015-05-04,2,Weekday,TUE,MAY
2015-05-06,Wednesday,May,2015,2015-01-01,2015-05-01,2015-05-04,3,Weekday,WED,MAY
2015-05-07,Thursday,May,2015,2015-01-01,2015-05-01,2015-05-04,4,Weekday,THU,MAY
2015-05-08,Friday,May,2015,2015-01-01,2015-05-01,2015-05-04,5,Weekday,FRI,MAY
2015-05-09,Saturday,May,2015,2015-01-01,2015-05-01,2015-05-04,6,Weekend,SAT,MAY
2015-05-10,Sunday,May,2015,2015-01-01,2015-05-01,2015-05-04,7,Weekend,SUN,MAY
2015-05-11,Monday,May,2015,2015-01-01,2015-05-01,2015-05-11,1,Weekday,MON,MAY
2015-05-12,Tuesday,May,2015,2015-01-01,2015-05-01,2015-05-11,2,Weekday,TUE,MAY
2015-05-13,Wednesday,May,2015,2015-01-01,2015-05-01,2015-05-11,3,Weekday,WED,MAY
2015-05-14,Thursday,May,2015,2015-01-01,2015-05-01,2015-05-11,4,Weekday,THU,MAY
2015-05-15,Friday,May,2015,2015-01-01,2015-05-01,2015-05-11,5,Weekday,FRI,MAY
2015-05-16,Saturday,May,2015,2015-01-01,2015-05-01,2015-05-11,6,Weekend,SAT,MAY
2015-05-17,Sunday,May,2015,2015-01-01,2015-05-01,2015-05-11,7,Weekend,SUN,MAY
2015-05-18,Monday,May,2015,2015-01-01,2015-05-01,2015-05-18,1,Weekday,MON,MAY
2015-05-19,Tuesday,May,2015,2015-01-01,2015-05-01,2015-05-18,2,Weekday,TUE,MAY
2015-05-20,Wednesday,May,2015,2015-01-01,2015-05-01,2015-05-18,3,Weekday,WED,MAY
2015-05-21,Thursday,May,2015,2015-01-01,2015-05-01,2015-05-18,4,Weekday,THU,MAY
2015-05-22,Friday,May,2015,2015-01-01,2015-05-01,2015-05-18,5,Weekday,FRI,MAY
2015-05-23,Saturday,May,2015,2015-01-01,2015-05-01,2015-05-18,6,Weekend,SAT,MAY
2015-05-24,Sunday,May,2015,2015-01-01,2015-05-01,2015-05-18,7,Weekend,SUN,MAY
2015-05-25,Monday,May,2015,2015-01-01,2015-05-01,2015-05-25,1,Weekday,MON,MAY
2015-05-26,Tuesday,May,2015,2015-01-01,2015-05-01,2015-05-25,2,Weekday,TUE,MAY
2015-05-27,Wednesday,May,2015,2015-01-01,2015-05-01,2015-05-25,3,Weekday,WED,MAY
2015-05-28,Thursday,May,2015,2015-01-01,2015-05-01,2015-05-25,4,Weekday,THU,MAY
2015-05-29,Friday,May,2015,2015-01-01,2015-05-01,2015-05-25,5,Weekday,FRI,MAY
2015-05-30,Saturday,May,2015,2015-01-01,2015-05-01,2015-05-25,6,Weekend,SAT,MAY
2015-05-31,Sunday,May,2015,2015-01-01,2015-05-01,2015-05-25,7,Weekend,SUN,MAY
2015-06-01,Monday,June,2015,2015-01-01,2015-06-01,2015-06-01,1,Weekday,MON,JUN
2015-06-02,Tuesday,June,2015,2015-01-01,2015-06-01,2015-06-01,2,Weekday,TUE,JUN
2015-06-03,Wednesday,June,2015,2015-01-01,2015-06-01,2015-06-01,3,Weekday,WED,JUN
2015-06-04,Thursday,June,2015,2015-01-01,2015-06-01,2015-06-01,4,Weekday,THU,JUN
2015-06-05,Friday,June,2015,2015-01-01,2015-06-01,2015-06-01,5,Weekday,FRI,JUN
2015-06-06,Saturday,June,2015,2015-01-01,2015-06-01,2015-06-01,6,Weekend,SAT,JUN
2015-06-07,Sunday,June,2015,2015-01-01,2015-06-01,2015-06-01,7,Weekend,SUN,JUN
2015-06-08,Monday,June,2015,2015-01-01,2015-06-01,2015-06-08,1,Weekday,MON,JUN
2015-06-09,Tuesday,June,2015,2015-01-01,2015-06-01,2015-06-08,2,Weekday,TUE,JUN
2015-06-10,Wednesday,June,2015,2015-01-01,2015-06-01,2015-06-08,3,Weekday,WED,JUN
2015-06-11,Thursday,June,2015,2015-01-01,2015-06-01,2015-06-08,4,Weekday,THU,JUN
2015-06-12,Friday,June,2015,2015-01-01,2015-06-01,2015-06-08,5,Weekday,FRI,JUN
2015-06-13,Saturday,June,2015,2015-01-01,2015-06-01,2015-06-08,6,Weekend,SAT,JUN
2015-06-14,Sunday,June,2015,2015-01-01,2015-06-01,2015-06-08,7,Weekend,SUN,JUN
2015-06-15,Monday,June,2015,2015-01-01,2015-06-01,2015-06-15,1,Weekday,MON,JUN
2015-06-16,Tuesday,June,2015,2015-01-01,2015-06-01,2015-06-15,2,Weekday,TUE,JUN
2015-06-17,Wednesday,June,2015,2015-01-01,2015-06-01,2015-06-15,3,Weekday,WED,JUN
2015-06-18,Thursday,June,2015,2015-01-01,2015-06-01,2015-06-15,4,Weekday,THU,JUN
2015-06-19,Friday,June,2015,2015-01-01,2015-06-01,2015-06-15,5,Weekday,FRI,JUN
2015-06-20,Saturday,June,2015,2015-01-01,2015-06-01,2015-06-15,6,Weekend,SAT,JUN
2015-06-21,Sunday,June,2015,2015-01-01,2015-06-01,2015-06-15,7,Weekend,SUN,JUN
2015-06-22,Monday,June,2015,2015-01-01,2015-06-01,2015-06-22,1,Weekday,MON,JUN
2015-06-23,Tuesday,June,2015,2015-01-01,2015-06-01,2015-06-22,2,Weekday,TUE,JUN
2015-06-24,Wednesday,June,2015,2015-01-01,2015-06-01,2015-06-22,3,Weekday,WED,JUN
2015-06-25,Thursday,June,2015,2015-01-01,2015-06-01,2015-06-22,4,Weekday,THU,JUN
2015-06-26,Friday,June,2015,2015-01-01,2015-06-01,2015-06-22,5,Weekday,FRI,JUN
2015-06-27,Saturday,June,2015,2015-01-01,2015-06-01,2015-06-22,6,Weekend,SAT,JUN
2015-06-28,Sunday,June,2015,2015-01-01,2015-06-01,2015-06-22,7,Weekend,SUN,JUN
2015-06-29,Monday,June,2015,2015-01-01,2015-06-01,2015-06-29,1,Weekday,MON,JUN
2015-06-30,Tuesday,June,2015,2015-01-01,2015-06-01,2015-06-29,2,Weekday,TUE,JUN
2015-07-01,Wednesday,July,2015,2015-01-01,2015-07-01,2015-06-29,3,Weekday,WED,JUL
2015-07-02,Thursday,July,2015,2015-01-01,2015-07-01,2015-06-29,4,Weekday,THU,JUL
2015-07-03,Friday,July,2015,2015-01-01,2015-07-01,2015-06-29,5,Weekday,FRI,JUL
2015-07-04,Saturday,July,2015,2015-01-01,2015-07-01,2015-06-29,6,Weekend,SAT,JUL
2015-07-05,Sunday,July,2015,2015-01-01,2015-07-01,2015-06-29,7,Weekend,SUN,JUL
2015-07-06,Monday,July,2015,2015-01-01,2015-07-01,2015-07-06,1,Weekday,MON,JUL
2015-07-07,Tuesday,July,2015,2015-01-01,2015-07-01,2015-07-06,2,Weekday,TUE,JUL
2015-07-08,Wednesday,July,2015,2015-01-01,2015-07-01,2015-07-06,3,Weekday,WED,JUL
2015-07-09,Thursday,July,2015,2015-01-01,2015-07-01,2015-07-06,4,Weekday,THU,JUL
2015-07-10,Friday,July,2015,2015-01-01,2015-07-01,2015-07-06,5,Weekday,FRI,JUL
2015-07-11,Saturday,July,2015,2015-01-01,2015-07-01,2015-07-06,6,Weekend,SAT,JUL
2015-07-12,Sunday,July,2015,2015-01-01,2015-07-01,2015-07-06,7,Weekend,SUN,JUL
2015-07-13,Monday,July,2015,2015-01-01,2015-07-01,2015-07-13,1,Weekday,MON,JUL
2015-07-14,Tuesday,July,2015,2015-01-01,2015-07-01,2015-07-13,2,Weekday,TUE,JUL
2015-07-15,Wednesday,July,2015,2015-01-01,2015-07-01,2015-07-13,3,Weekday,WED,JUL
2015-07-16,Thursday,July,2015,2015-01-01,2015-07-01,2015-07-13,4,Weekday,THU,JUL
2015-07-17,Friday,July,2015,2015-01-01,2015-07-01,2015-07-13,5,Weekday,FRI,JUL
2015-07-18,Saturday,July,2015,2015-01-01,2015-07-01,2015-07-13,6,Weekend,SAT,JUL
2015-07-19,Sunday,July,2015,2015-01-01,2015-07-01,2015-07-13,7,Weekend,SUN,JUL
2015-07-20,Monday,July,2015,2015-01-01,2015-07-01,2015-07-20,1,Weekday,MON,JUL
2015-07-21,Tuesday,July,2015,2015-01-01,2015-07-01,2015-07-20,2,Weekday,TUE,JUL
2015-07-22,Wednesday,July,2015,2015-01-01,2015-07-01,2015-07-20,3,Weekday,WED,JUL
2015-07-23,Thursday,July,2015,2015-01-01,2015-07-01,2015-07-20,4,Weekday,THU,JUL
2015-07-24,Friday,July,2015,2015-01-01,2015-07-01,2015-07-20,5,Weekday,FRI,JUL
2015-07-25,Saturday,July,2015,2015-01-01,2015-07-01,2015-07-20,6,Weekend,SAT,JUL
2015-07-26,Sunday,July,2015,2015-01-01,2015-07-01,2015-07-20,7,Weekend,SUN,JUL
2015-07-27,Monday,July,2015,2015-01-01,2015-07-01,2015-07-27,1,Weekday,MON,JUL
2015-07-28,Tuesday,July,2015,2015-01-01,2015-07-01,2015-07-27,2,Weekday,TUE,JUL
2015-07-29,Wednesday,July,2015,2015-01-01,2015-07-01,2015-07-27,3,Weekday,WED,JUL
2015-07-30,Thursday,July,2015,2015-01-01,2015-07-01,2015-07-27,4,Weekday,THU,JUL
2015-07-31,Friday,July,2015,2015-01-01,2015-07-01,2015-07-27,5,Weekday,FRI,JUL
2015-08-01,Saturday,August,2015,2015-01-01,2015-08-01,2015-07-27,6,Weekend,SAT,AUG
2015-08-02,Sunday,August,2015,2015-01-01,2015-08-01,2015-07-27,7,Weekend,SUN,AUG
2015-08-03,Monday,August,2015,2015-01-01,2015-08-01,2015-08-03,1,Weekday,MON,AUG
2015-08-04,Tuesday,August,2015,2015-01-01,2015-08-01,2015-08-03,2,Weekday,TUE,AUG
2015-08-05,Wednesday,August,2015,2015-01-01,2015-08-01,2015-08-03,3,Weekday,WED,AUG
2015-08-06,Thursday,August,2015,2015-01-01,2015-08-01,2015-08-03,4,Weekday,THU,AUG
2015-08-07,Friday,August,2015,2015-01-01,2015-08-01,2015-08-03,5,Weekday,FRI,AUG
2015-08-08,Saturday,August,2015,2015-01-01,2015-08-01,2015-08-03,6,Weekend,SAT,AUG
2015-08-09,Sunday,August,2015,2015-01-01,2015-08-01,2015-08-03,7,Weekend,SUN,AUG
2015-08-10,Monday,August,2015,2015-01-01,2015-08-01,2015-08-10,1,Weekday,MON,AUG
2015-08-11,Tuesday,August,2015,2015-01-01,2015-08-01,2015-08-10,2,Weekday,TUE,AUG
2015-08-12,Wednesday,August,2015,2015-01-01,2015-08-01,2015-08-10,3,Weekday,WED,AUG
2015-08-13,Thursday,August,2015,2015-01-01,2015-08-01,2015-08-10,4,Weekday,THU,AUG
2015-08-14,Friday,August,2015,2015-01-01,2015-08-01,2015-08-10,5,Weekday,FRI,AUG
2015-08-15,Saturday,August,2015,2015-01-01,2015-08-01,2015-08-10,6,Weekend,SAT,AUG
2015-08-16,Sunday,August,2015,2015-01-01,2015-08-01,2015-08-10,7,Weekend,SUN,AUG
2015-08-17,Monday,August,2015,2015-01-01,2015-08-01,2015-08-17,1,Weekday,MON,AUG
2015-08-18,Tuesday,August,2015,2015-01-01,2015-08-01,2015-08-17,2,Weekday,TUE,AUG
2015-08-19,Wednesday,August,2015,2015-01-01,2015-08-01,2015-08-17,3,Weekday,WED,AUG
2015-08-20,Thursday,August,2015,2015-01-01,2015-08-01,2015-08-17,4,Weekday,THU,AUG
2015-08-21,Friday,August,2015,2015-01-01,2015-08-01,2015-08-17,5,Weekday,FRI,AUG
2015-08-22,Saturday,August,2015,2015-01-01,2015-08-01,2015-08-17,6,Weekend,SAT,AUG
2015-08-23,Sunday,August,2015,2015-01-01,2015-08-01,2015-08-17,7,Weekend,SUN,AUG
2015-08-24,Monday,August,2015,2015-01-01,2015-08-01,2015-08-24,1,Weekday,MON,AUG
2015-08-25,Tuesday,August,2015,2015-01-01,2015-08-01,2015-08-24,2,Weekday,TUE,AUG
2015-08-26,Wednesday,August,2015,2015-01-01,2015-08-01,2015-08-24,3,Weekday,WED,AUG
2015-08-27,Thursday,August,2015,2015-01-01,2015-08-01,2015-08-24,4,Weekday,THU,AUG
2015-08-28,Friday,August,2015,2015-01-01,2015-08-01,2015-08-24,5,Weekday,FRI,AUG
2015-08-29,Saturday,August,2015,2015-01-01,2015-08-01,2015-08-24,6,Weekend,SAT,AUG
2015-08-30,Sunday,August,2015,2015-01-01,2015-08-01,2015-08-24,7,Weekend,SUN,AUG
2015-08-31,Monday,August,2015,2015-01-01,2015-08-01,2015-08-31,1,Weekday,MON,AUG
2015-09-01,Tuesday,September,2015,2015-01-01,2015-09-01,2015-08-31,2,Weekday,TUE,SEP
2015-09-02,Wednesday,September,2015,2015-01-01,2015-09-01,2015-08-31,3,Weekday,WED,SEP
2015-09-03,Thursday,September,2015,2015-01-01,2015-09-01,2015-08-31,4,Weekday,THU,SEP
2015-09-04,Friday,September,2015,2015-01-01,2015-09-01,2015-08-31,5,Weekday,FRI,SEP
2015-09-05,Saturday,September,2015,2015-01-01,2015-09-01,2015-08-31,6,Weekend,SAT,SEP
2015-09-06,Sunday,September,2015,2015-01-01,2015-09-01,2015-08-31,7,Weekend,SUN,SEP
2015-09-07,Monday,September,2015,2015-01-01,2015-09-01,2015-09-07,1,Weekday,MON,SEP
2015-09-08,Tuesday,September,2015,2015-01-01,2015-09-01,2015-09-07,2,Weekday,TUE,SEP
2015-09-09,Wednesday,September,2015,2015-01-01,2015-09-01,2015-09-07,3,Weekday,WED,SEP
2015-09-10,Thursday,September,2015,2015-01-01,2015-09-01,2015-09-07,4,Weekday,THU,SEP
2015-09-11,Friday,September,2015,2015-01-01,2015-09-01,2015-09-07,5,Weekday,FRI,SEP
2015-09-12,Saturday,September,2015,2015-01-01,2015-09-01,2015-09-07,6,Weekend,SAT,SEP
2015-09-13,Sunday,September,2015,2015-01-01,2015-09-01,2015-09-07,7,Weekend,SUN,SEP
2015-09-14,Monday,September,2015,2015-01-01,2015-09-01,2015-09-14,1,Weekday,MON,SEP
2015-09-15,Tuesday,September,2015,2015-01-01,2015-09-01,2015-09-14,2,Weekday,TUE,SEP
2015-09-16,Wednesday,September,2015,2015-01-01,2015-09-01,2015-09-14,3,Weekday,WED,SEP
2015-09-17,Thursday,September,2015,2015-01-01,2015-09-01,2015-09-14,4,Weekday,THU,SEP
2015-09-18,Friday,September,2015,2015-01-01,2015-09-01,2015-09-14,5,Weekday,FRI,SEP
2015-09-19,Saturday,September,2015,2015-01-01,2015-09-01,2015-09-14,6,Weekend,SAT,SEP
2015-09-20,Sunday,September,2015,2015-01-01,2015-09-01,2015-09-14,7,Weekend,SUN,SEP
2015-09-21,Monday,September,2015,2015-01-01,2015-09-01,2015-09-21,1,Weekday,MON,SEP
2015-09-22,Tuesday,September,2015,2015-01-01,2015-09-01,2015-09-21,2,Weekday,TUE,SEP
2015-09-23,Wednesday,September,2015,2015-01-01,2015-09-01,2015-09-21,3,Weekday,WED,SEP
2015-09-24,Thursday,September,2015,2015-01-01,2015-09-01,2015-09-21,4,Weekday,THU,SEP
2015-09-25,Friday,September,2015,2015-01-01,2015-09-01,2015-09-21,5,Weekday,FRI,SEP
2015-09-26,Saturday,September,2015,2015-01-01,2015-09-01,2015-09-21,6,Weekend,SAT,SEP
2015-09-27,Sunday,September,2015,2015-01-01,2015-09-01,2015-09-21,7,Weekend,SUN,SEP
2015-09-28,Monday,September,2015,2015-01-01,2015-09-01,2015-09-28,1,Weekday,MON,SEP
2015-09-29,Tuesday,September,2015,2015-01-01,2015-09-01,2015-09-28,2,Weekday,TUE,SEP
2015-09-30,Wednesday,September,2015,2015-01-01,2015-09-01,2015-09-28,3,Weekday,WED,SEP
2015-10-01,Thursday,October,2015,2015-01-01,2015-10-01,2015-09-28,4,Weekday,THU,OCT
2015-10-02,Friday,October,2015,2015-01-01,2015-10-01,2015-09-28,5,Weekday,FRI,OCT
2015-10-03,Saturday,October,2015,2015-01-01,2015-10-01,2015-09-28,6,Weekend,SAT,OCT
2015-10-04,Sunday,October,2015,2015-01-01,2015-10-01,2015-09-28,7,Weekend,SUN,OCT
2015-10-05,Monday,October,2015,2015-01-01,2015-10-01,2015-10-05,1,Weekday,MON,OCT
2015-10-06,Tuesday,October,2015,2015-01-01,2015-10-01,2015-10-05,2,Weekday,TUE,OCT
2015-10-07,Wednesday,October,2015,2015-01-01,2015-10-01,2015-10-05,3,Weekday,WED,OCT
2015-10-08,Thursday,October,2015,2015-01-01,2015-10-01,2015-10-05,4,Weekday,THU,OCT
2015-10-09,Friday,October,2015,2015-01-01,2015-10-01,2015-10-05,5,Weekday,FRI,OCT
2015-10-10,Saturday,October,2015,2015-01-01,2015-10-01,2015-10-05,6,Weekend,SAT,OCT
2015-10-11,Sunday,October,2015,2015-01-01,2015-10-01,2015-10-05,7,Weekend,SUN,OCT
2015-10-12,Monday,October,2015,2015-01-01,2015-10-01,2015-10-12,1,Weekday,MON,OCT
2015-10-13,Tuesday,October,2015,2015-01-01,2015-10-01,2015-10-12,2,Weekday,TUE,OCT
2015-10-14,Wednesday,October,2015,2015-01-01,2015-10-01,2015-10-12,3,Weekday,WED,OCT
2015-10-15,Thursday,October,2015,2015-01-01,2015-10-01,2015-10-12,4,Weekday,THU,OCT
2015-10-16,Friday,October,2015,2015-01-01,2015-10-01,2015-10-12,5,Weekday,FRI,OCT
2015-10-17,Saturday,October,2015,2015-01-01,2015-10-01,2015-10-12,6,Weekend,SAT,OCT
2015-10-18,Sunday,October,2015,2015-01-01,2015-10-01,2015-10-12,7,Weekend,SUN,OCT
2015-10-19,Monday,October,2015,2015-01-01,2015-10-01,2015-10-19,1,Weekday,MON,OCT
2015-10-20,Tuesday,October,2015,2015-01-01,2015-10-01,2015-10-19,2,Weekday,TUE,OCT
2015-10-21,Wednesday,October,2015,2015-01-01,2015-10-01,2015-10-19,3,Weekday,WED,OCT
2015-10-22,Thursday,October,2015,2015-01-01,2015-10-01,2015-10-19,4,Weekday,THU,OCT
2015-10-23,Friday,October,2015,2015-01-01,2015-10-01,2015-10-19,5,Weekday,FRI,OCT
2015-10-24,Saturday,October,2015,2015-01-01,2015-10-01,2015-10-19,6,Weekend,SAT,OCT
2015-10-25,Sunday,October,2015,2015-01-01,2015-10-01,2015-10-19,7,Weekend,SUN,OCT
2015-10-26,Monday,October,2015,2015-01-01,2015-10-01,2015-10-26,1,Weekday,MON,OCT
2015-10-27,Tuesday,October,2015,2015-01-01,2015-10-01,2015-10-26,2,Weekday,TUE,OCT
2015-10-28,Wednesday,October,2015,2015-01-01,2015-10-01,2015-10-26,3,Weekday,WED,OCT
2015-10-29,Thursday,October,2015,2015-01-01,2015-10-01,2015-10-26,4,Weekday,THU,OCT
2015-10-30,Friday,October,2015,2015-01-01,2015-10-01,2015-10-26,5,Weekday,FRI,OCT
2015-10-31,Saturday,October,2015,2015-01-01,2015-10-01,2015-10-26,6,Weekend,SAT,OCT
2015-11-01,Sunday,November,2015,2015-01-01,2015-11-01,2015-10-26,7,Weekend,SUN,NOV
2015-11-02,Monday,November,2015,2015-01-01,2015-11-01,2015-11-02,1,Weekday,MON,NOV
2015-11-03,Tuesday,November,2015,2015-01-01,2015-11-01,2015-11-02,2,Weekday,TUE,NOV
2015-11-04,Wednesday,November,2015,2015-01-01,2015-11-01,2015-11-02,3,Weekday,WED,NOV
2015-11-05,Thursday,November,2015,2015-01-01,2015-11-01,2015-11-02,4,Weekday,THU,NOV
2015-11-06,Friday,November,2015,2015-01-01,2015-11-01,2015-11-02,5,Weekday,FRI,NOV
2015-11-07,Saturday,November,2015,2015-01-01,2015-11-01,2015-11-02,6,Weekend,SAT,NOV
2015-11-08,Sunday,November,2015,2015-01-01,2015-11-01,2015-11-02,7,Weekend,SUN,NOV
2015-11-09,Monday,November,2015,2015-01-01,2015-11-01,2015-11-09,1,Weekday,MON,NOV
2015-11-10,Tuesday,November,2015,2015-01-01,2015-11-01,2015-11-09,2,Weekday,TUE,NOV
2015-11-11,Wednesday,November,2015,2015-01-01,2015-11-01,2015-11-09,3,Weekday,WED,NOV
2015-11-12,Thursday,November,2015,2015-01-01,2015-11-01,2015-11-09,4,Weekday,THU,NOV
2015-11-13,Friday,November,2015,2015-01-01,2015-11-01,2015-11-09,5,Weekday,FRI,NOV
2015-11-14,Saturday,November,2015,2015-01-01,2015-11-01,2015-11-09,6,Weekend,SAT,NOV
2015-11-15,Sunday,November,2015,2015-01-01,2015-11-01,2015-11-09,7,Weekend,SUN,NOV
2015-11-16,Monday,November,2015,2015-01-01,2015-11-01,2015-11-16,1,Weekday,MON,NOV
2015-11-17,Tuesday,November,2015,2015-01-01,2015-11-01,2015-11-16,2,Weekday,TUE,NOV
2015-11-18,Wednesday,November,2015,2015-01-01,2015-11-01,2015-11-16,3,Weekday,WED,NOV
2015-11-19,Thursday,November,2015,2015-01-01,2015-11-01,2015-11-16,4,Weekday,THU,NOV
2015-11-20,Friday,November,2015,2015-01-01,2015-11-01,2015-11-16,5,Weekday,FRI,NOV
2015-11-21,Saturday,November,2015,2015-01-01,2015-11-01,2015-11-16,6,Weekend,SAT,NOV
2015-11-22,Sunday,November,2015,2015-01-01,2015-11-01,2015-11-16,7,Weekend,SUN,NOV
2015-11-23,Monday,November,2015,2015-01-01,2015-11-01,2015-11-23,1,Weekday,MON,NOV
2015-11-24,Tuesday,November,2015,2015-01-01,2015-11-01,2015-11-23,2,Weekday,TUE,NOV
2015-11-25,Wednesday,November,2015,2015-01-01,2015-11-01,2015-11-23,3,Weekday,WED,NOV
2015-11-26,Thursday,November,2015,2015-01-01,2015-11-01,2015-11-23,4,Weekday,THU,NOV
2015-11-27,Friday,November,2015,2015-01-01,2015-11-01,2015-11-23,5,Weekday,FRI,NOV
2015-11-28,Saturday,November,2015,2015-01-01,2015-11-01,2015-11-23,6,Weekend,SAT,NOV
2015-11-29,Sunday,November,2015,2015-01-01,2015-11-01,2015-11-23,7,Weekend,SUN,NOV
2015-11-30,Monday,November,2015,2015-01-01,2015-11-01,2015-11-30,1,Weekday,MON,NOV
2015-12-01,Tuesday,December,2015,2015-01-01,2015-12-01,2015-11-30,2,Weekday,TUE,DEC
2015-12-02,Wednesday,December,2015,2015-01-01,2015-12-01,2015-11-30,3,Weekday,WED,DEC
2015-12-03,Thursday,December,2015,2015-01-01,2015-12-01,2015-11-30,4,Weekday,THU,DEC
2015-12-04,Friday,December,2015,2015-01-01,2015-12-01,2015-11-30,5,Weekday,FRI,DEC
2015-12-05,Saturday,December,2015,2015-01-01,2015-12-01,2015-11-30,6,Weekend,SAT,DEC
2015-12-06,Sunday,December,2015,2015-01-01,2015-12-01,2015-11-30,7,Weekend,SUN,DEC
2015-12-07,Monday,December,2015,2015-01-01,2015-12-01,2015-12-07,1,Weekday,MON,DEC
2015-12-08,Tuesday,December,2015,2015-01-01,2015-12-01,2015-12-07,2,Weekday,TUE,DEC
2015-12-09,Wednesday,December,2015,2015-01-01,2015-12-01,2015-12-07,3,Weekday,WED,DEC
2015-12-10,Thursday,December,2015,2015-01-01,2015-12-01,2015-12-07,4,Weekday,THU,DEC
2015-12-11,Friday,December,2015,2015-01-01,2015-12-01,2015-12-07,5,Weekday,FRI,DEC
2015-12-12,Saturday,December,2015,2015-01-01,2015-12-01,2015-12-07,6,Weekend,SAT,DEC
2015-12-13,Sunday,December,2015,2015-01-01,2015-12-01,2015-12-07,7,Weekend,SUN,DEC
2015-12-14,Monday,December,2015,2015-01-01,2015-12-01,2015-12-14,1,Weekday,MON,DEC
2015-12-15,Tuesday,December,2015,2015-01-01,2015-12-01,2015-12-14,2,Weekday,TUE,DEC
2015-12-16,Wednesday,December,2015,2015-01-01,2015-12-01,2015-12-14,3,Weekday,WED,DEC
2015-12-17,Thursday,December,2015,2015-01-01,2015-12-01,2015-12-14,4,Weekday,THU,DEC
2015-12-18,Friday,December,2015,2015-01-01,2015-12-01,2015-12-14,5,Weekday,FRI,DEC
2015-12-19,Saturday,December,2015,2015-01-01,2015-12-01,2015-12-14,6,Weekend,SAT,DEC
2015-12-20,Sunday,December,2015,2015-01-01,2015-12-01,2015-12-14,7,Weekend,SUN,DEC
2015-12-21,Monday,December,2015,2015-01-01,2015-12-01,2015-12-21,1,Weekday,MON,DEC
2015-12-22,Tuesday,December,2015,2015-01-01,2015-12-01,2015-12-21,2,Weekday,TUE,DEC
2015-12-23,Wednesday,December,2015,2015-01-01,2015-12-01,2015-12-21,3,Weekday,WED,DEC
2015-12-24,Thursday,December,2015,2015-01-01,2015-12-01,2015-12-21,4,Weekday,THU,DEC
2015-12-25,Friday,December,2015,2015-01-01,2015-12-01,2015-12-21,5,Weekday,FRI,DEC
2015-12-26,Saturday,December,2015,2015-01-01,2015-12-01,2015-12-21,6,Weekend,SAT,DEC
2015-12-27,Sunday,December,2015,2015-01-01,2015-12-01,2015-12-21,7,Weekend,SUN,DEC
2015-12-28,Monday,December,2015,2015-01-01,2015-12-01,2015-12-28,1,Weekday,MON,DEC
2015-12-29,Tuesday,December,2015,2015-01-01,2015-12-01,2015-12-28,2,Weekday,TUE,DEC
2015-12-30,Wednesday,December,2015,2015-01-01,2015-12-01,2015-12-28,3,Weekday,WED,DEC
2015-12-31,Thursday,December,2015,2015-01-01,2015-12-01,2015-12-28,4,Weekday,THU,DEC
2016-01-01,Friday,January,2016,2016-01-01,2016-01-01,2015-12-28,5,Weekday,FRI,JAN
2016-01-02,Saturday,January,2016,2016-01-01,2016-01-01,2015-12-28,6,Weekend,SAT,JAN
2016-01-03,Sunday,January,2016,2016-01-01,2016-01-01,2015-12-28,7,Weekend,SUN,JAN
2016-01-04,Monday,January,2016,2016-01-01,2016-01-01,2016-01-04,1,Weekday,MON,JAN
2016-01-05,Tuesday,January,2016,2016-01-01,2016-01-01,2016-01-04,2,Weekday,TUE,JAN
2016-01-06,Wednesday,January,2016,2016-01-01,2016-01-01,2016-01-04,3,Weekday,WED,JAN
2016-01-07,Thursday,January,2016,2016-01-01,2016-01-01,2016-01-04,4,Weekday,THU,JAN
2016-01-08,Friday,January,2016,2016-01-01,2016-01-01,2016-01-04,5,Weekday,FRI,JAN
2016-01-09,Saturday,January,2016,2016-01-01,2016-01-01,2016-01-04,6,Weekend,SAT,JAN
2016-01-10,Sunday,January,2016,2016-01-01,2016-01-01,2016-01-04,7,Weekend,SUN,JAN
2016-01-11,Monday,January,2016,2016-01-01,2016-01-01,2016-01-11,1,Weekday,MON,JAN
2016-01-12,Tuesday,January,2016,2016-01-01,2016-01-01,2016-01-11,2,Weekday,TUE,JAN
2016-01-13,Wednesday,January,2016,2016-01-01,2016-01-01,2016-01-11,3,Weekday,WED,JAN
2016-01-14,Thursday,January,2016,2016-01-01,2016-01-01,2016-01-11,4,Weekday,THU,JAN
2016-01-15,Friday,January,2016,2016-01-01,2016-01-01,2016-01-11,5,Weekday,FRI,JAN
2016-01-16,Saturday,January,2016,2016-01-01,2016-01-01,2016-01-11,6,Weekend,SAT,JAN
2016-01-17,Sunday,January,2016,2016-01-01,2016-01-01,2016-01-11,7,Weekend,SUN,JAN
2016-01-18,Monday,January,2016,2016-01-01,2016-01-01,2016-01-18,1,Weekday,MON,JAN
2016-01-19,Tuesday,January,2016,2016-01-01,2016-01-01,2016-01-18,2,Weekday,TUE,JAN
2016-01-20,Wednesday,January,2016,2016-01-01,2016-01-01,2016-01-18,3,Weekday,WED,JAN
2016-01-21,Thursday,January,2016,2016-01-01,2016-01-01,2016-01-18,4,Weekday,THU,JAN
2016-01-22,Friday,January,2016,2016-01-01,2016-01-01,2016-01-18,5,Weekday,FRI,JAN
2016-01-23,Saturday,January,2016,2016-01-01,2016-01-01,2016-01-18,6,Weekend,SAT,JAN
2016-01-24,Sunday,January,2016,2016-01-01,2016-01-01,2016-01-18,7,Weekend,SUN,JAN
2016-01-25,Monday,January,2016,2016-01-01,2016-01-01,2016-01-25,1,Weekday,MON,JAN
2016-01-26,Tuesday,January,2016,2016-01-01,2016-01-01,2016-01-25,2,Weekday,TUE,JAN
2016-01-27,Wednesday,January,2016,2016-01-01,2016-01-01,2016-01-25,3,Weekday,WED,JAN
2016-01-28,Thursday,January,2016,2016-01-01,2016-01-01,2016-01-25,4,Weekday,THU,JAN
2016-01-29,Friday,January,2016,2016-01-01,2016-01-01,2016-01-25,5,Weekday,FRI,JAN
2016-01-30,Saturday,January,2016,2016-01-01,2016-01-01,2016-01-25,6,Weekend,SAT,JAN
2016-01-31,Sunday,January,2016,2016-01-01,2016-01-01,2016-01-25,7,Weekend,SUN,JAN
2016-02-01,Monday,February,2016,2016-01-01,2016-02-01,2016-02-01,1,Weekday,MON,FEB
2016-02-02,Tuesday,February,2016,2016-01-01,2016-02-01,2016-02-01,2,Weekday,TUE,FEB
2016-02-03,Wednesday,February,2016,2016-01-01,2016-02-01,2016-02-01,3,Weekday,WED,FEB
2016-02-04,Thursday,February,2016,2016-01-01,2016-02-01,2016-02-01,4,Weekday,THU,FEB
2016-02-05,Friday,February,2016,2016-01-01,2016-02-01,2016-02-01,5,Weekday,FRI,FEB
2016-02-06,Saturday,February,2016,2016-01-01,2016-02-01,2016-02-01,6,Weekend,SAT,FEB
2016-02-07,Sunday,February,2016,2016-01-01,2016-02-01,2016-02-01,7,Weekend,SUN,FEB
2016-02-08,Monday,February,2016,2016-01-01,2016-02-01,2016-02-08,1,Weekday,MON,FEB
2016-02-09,Tuesday,February,2016,2016-01-01,2016-02-01,2016-02-08,2,Weekday,TUE,FEB
2016-02-10,Wednesday,February,2016,2016-01-01,2016-02-01,2016-02-08,3,Weekday,WED,FEB
2016-02-11,Thursday,February,2016,2016-01-01,2016-02-01,2016-02-08,4,Weekday,THU,FEB
2016-02-12,Friday,February,2016,2016-01-01,2016-02-01,2016-02-08,5,Weekday,FRI,FEB
2016-02-13,Saturday,February,2016,2016-01-01,2016-02-01,2016-02-08,6,Weekend,SAT,FEB
2016-02-14,Sunday,February,2016,2016-01-01,2016-02-01,2016-02-08,7,Weekend,SUN,FEB
2016-02-15,Monday,February,2016,2016-01-01,2016-02-01,2016-02-15,1,Weekday,MON,FEB
2016-02-16,Tuesday,February,2016,2016-01-01,2016-02-01,2016-02-15,2,Weekday,TUE,FEB
2016-02-17,Wednesday,February,2016,2016-01-01,2016-02-01,2016-02-15,3,Weekday,WED,FEB
2016-02-18,Thursday,February,2016,2016-01-01,2016-02-01,2016-02-15,4,Weekday,THU,FEB
2016-02-19,Friday,February,2016,2016-01-01,2016-02-01,2016-02-15,5,Weekday,FRI,FEB
2016-02-20,Saturday,February,2016,2016-01-01,2016-02-01,2016-02-15,6,Weekend,SAT,FEB
2016-02-21,Sunday,February,2016,2016-01-01,2016-02-01,2016-02-15,7,Weekend,SUN,FEB
2016-02-22,Monday,February,2016,2016-01-01,2016-02-01,2016-02-22,1,Weekday,MON,FEB
2016-02-23,Tuesday,February,2016,2016-01-01,2016-02-01,2016-02-22,2,Weekday,TUE,FEB
2016-02-24,Wednesday,February,2016,2016-01-01,2016-02-01,2016-02-22,3,Weekday,WED,FEB
2016-02-25,Thursday,February,2016,2016-01-01,2016-02-01,2016-02-22,4,Weekday,THU,FEB
2016-02-26,Friday,February,2016,2016-01-01,2016-02-01,2016-02-22,5,Weekday,FRI,FEB
2016-02-27,Saturday,February,2016,2016-01-01,2016-02-01,2016-02-22,6,Weekend,SAT,FEB
2016-02-28,Sunday,February,2016,2016-01-01,2016-02-01,2016-02-22,7,Weekend,SUN,FEB
2016-02-29,Monday,February,2016,2016-01-01,2016-02-01,2016-02-29,1,Weekday,MON,FEB
2016-03-01,Tuesday,March,2016,2016-01-01,2016-03-01,2016-02-29,2,Weekday,TUE,MAR
2016-03-02,Wednesday,March,2016,2016-01-01,2016-03-01,2016-02-29,3,Weekday,WED,MAR
2016-03-03,Thursday,March,2016,2016-01-01,2016-03-01,2016-02-29,4,Weekday,THU,MAR
2016-03-04,Friday,March,2016,2016-01-01,2016-03-01,2016-02-29,5,Weekday,FRI,MAR
2016-03-05,Saturday,March,2016,2016-01-01,2016-03-01,2016-02-29,6,Weekend,SAT,MAR
2016-03-06,Sunday,March,2016,2016-01-01,2016-03-01,2016-02-29,7,Weekend,SUN,MAR
2016-03-07,Monday,March,2016,2016-01-01,2016-03-01,2016-03-07,1,Weekday,MON,MAR
2016-03-08,Tuesday,March,2016,2016-01-01,2016-03-01,2016-03-07,2,Weekday,TUE,MAR
2016-03-09,Wednesday,March,2016,2016-01-01,2016-03-01,2016-03-07,3,Weekday,WED,MAR
2016-03-10,Thursday,March,2016,2016-01-01,2016-03-01,2016-03-07,4,Weekday,THU,MAR
2016-03-11,Friday,March,2016,2016-01-01,2016-03-01,2016-03-07,5,Weekday,FRI,MAR
2016-03-12,Saturday,March,2016,2016-01-01,2016-03-01,2016-03-07,6,Weekend,SAT,MAR
2016-03-13,Sunday,March,2016,2016-01-01,2016-03-01,2016-03-07,7,Weekend,SUN,MAR
2016-03-14,Monday,March,2016,2016-01-01,2016-03-01,2016-03-14,1,Weekday,MON,MAR
2016-03-15,Tuesday,March,2016,2016-01-01,2016-03-01,2016-03-14,2,Weekday,TUE,MAR
2016-03-16,Wednesday,March,2016,2016-01-01,2016-03-01,2016-03-14,3,Weekday,WED,MAR
2016-03-17,Thursday,March,2016,2016-01-01,2016-03-01,2016-03-14,4,Weekday,THU,MAR
2016-03-18,Friday,March,2016,2016-01-01,2016-03-01,2016-03-14,5,Weekday,FRI,MAR
2016-03-19,Saturday,March,2016,2016-01-01,2016-03-01,2016-03-14,6,Weekend,SAT,MAR
2016-03-20,Sunday,March,2016,2016-01-01,2016-03-01,2016-03-14,7,Weekend,SUN,MAR
2016-03-21,Monday,March,2016,2016-01-01,2016-03-01,2016-03-21,1,Weekday,MON,MAR
2016-03-22,Tuesday,March,2016,2016-01-01,2016-03-01,2016-03-21,2,Weekday,TUE,MAR
2016-03-23,Wednesday,March,2016,2016-01-01,2016-03-01,2016-03-21,3,Weekday,WED,MAR
2016-03-24,Thursday,March,2016,2016-01-01,2016-03-01,2016-03-21,4,Weekday,THU,MAR
2016-03-25,Friday,March,2016,2016-01-01,2016-03-01,2016-03-21,5,Weekday,FRI,MAR
2016-03-26,Saturday,March,2016,2016-01-01,2016-03-01,2016-03-21,6,Weekend,SAT,MAR
2016-03-27,Sunday,March,2016,2016-01-01,2016-03-01,2016-03-21,7,Weekend,SUN,MAR
2016-03-28,Monday,March,2016,2016-01-01,2016-03-01,2016-03-28,1,Weekday,MON,MAR
2016-03-29,Tuesday,March,2016,2016-01-01,2016-03-01,2016-03-28,2,Weekday,TUE,MAR
2016-03-30,Wednesday,March,2016,2016-01-01,2016-03-01,2016-03-28,3,Weekday,WED,MAR
2016-03-31,Thursday,March,2016,2016-01-01,2016-03-01,2016-03-28,4,Weekday,THU,MAR
2016-04-01,Friday,April,2016,2016-01-01,2016-04-01,2016-03-28,5,Weekday,FRI,APR
2016-04-02,Saturday,April,2016,2016-01-01,2016-04-01,2016-03-28,6,Weekend,SAT,APR
2016-04-03,Sunday,April,2016,2016-01-01,2016-04-01,2016-03-28,7,Weekend,SUN,APR
2016-04-04,Monday,April,2016,2016-01-01,2016-04-01,2016-04-04,1,Weekday,MON,APR
2016-04-05,Tuesday,April,2016,2016-01-01,2016-04-01,2016-04-04,2,Weekday,TUE,APR
2016-04-06,Wednesday,April,2016,2016-01-01,2016-04-01,2016-04-04,3,Weekday,WED,APR
2016-04-07,Thursday,April,2016,2016-01-01,2016-04-01,2016-04-04,4,Weekday,THU,APR
2016-04-08,Friday,April,2016,2016-01-01,2016-04-01,2016-04-04,5,Weekday,FRI,APR
2016-04-09,Saturday,April,2016,2016-01-01,2016-04-01,2016-04-04,6,Weekend,SAT,APR
2016-04-10,Sunday,April,2016,2016-01-01,2016-04-01,2016-04-04,7,Weekend,SUN,APR
2016-04-11,Monday,April,2016,2016-01-01,2016-04-01,2016-04-11,1,Weekday,MON,APR
2016-04-12,Tuesday,April,2016,2016-01-01,2016-04-01,2016-04-11,2,Weekday,TUE,APR
2016-04-13,Wednesday,April,2016,2016-01-01,2016-04-01,2016-04-11,3,Weekday,WED,APR
2016-04-14,Thursday,April,2016,2016-01-01,2016-04-01,2016-04-11,4,Weekday,THU,APR
2016-04-15,Friday,April,2016,2016-01-01,2016-04-01,2016-04-11,5,Weekday,FRI,APR
2016-04-16,Saturday,April,2016,2016-01-01,2016-04-01,2016-04-11,6,Weekend,SAT,APR
2016-04-17,Sunday,April,2016,2016-01-01,2016-04-01,2016-04-11,7,Weekend,SUN,APR
2016-04-18,Monday,April,2016,2016-01-01,2016-04-01,2016-04-18,1,Weekday,MON,APR
2016-04-19,Tuesday,April,2016,2016-01-01,2016-04-01,2016-04-18,2,Weekday,TUE,APR
2016-04-20,Wednesday,April,2016,2016-01-01,2016-04-01,2016-04-18,3,Weekday,WED,APR
2016-04-21,Thursday,April,2016,2016-01-01,2016-04-01,2016-04-18,4,Weekday,THU,APR
2016-04-22,Friday,April,2016,2016-01-01,2016-04-01,2016-04-18,5,Weekday,FRI,APR
2016-04-23,Saturday,April,2016,2016-01-01,2016-04-01,2016-04-18,6,Weekend,SAT,APR
2016-04-24,Sunday,April,2016,2016-01-01,2016-04-01,2016-04-18,7,Weekend,SUN,APR
2016-04-25,Monday,April,2016,2016-01-01,2016-04-01,2016-04-25,1,Weekday,MON,APR
2016-04-26,Tuesday,April,2016,2016-01-01,2016-04-01,2016-04-25,2,Weekday,TUE,APR
2016-04-27,Wednesday,April,2016,2016-01-01,2016-04-01,2016-04-25,3,Weekday,WED,APR
2016-04-28,Thursday,April,2016,2016-01-01,2016-04-01,2016-04-25,4,Weekday,THU,APR
2016-04-29,Friday,April,2016,2016-01-01,2016-04-01,2016-04-25,5,Weekday,FRI,APR
2016-04-30,Saturday,April,2016,2016-01-01,2016-04-01,2016-04-25,6,Weekend,SAT,APR
2016-05-01,Sunday,May,2016,2016-01-01,2016-05-01,2016-04-25,7,Weekend,SUN,MAY
2016-05-02,Monday,May,2016,2016-01-01,2016-05-01,2016-05-02,1,Weekday,MON,MAY
2016-05-03,Tuesday,May,2016,2016-01-01,2016-05-01,2016-05-02,2,Weekday,TUE,MAY
2016-05-04,Wednesday,May,2016,2016-01-01,2016-05-01,2016-05-02,3,Weekday,WED,MAY
2016-05-05,Thursday,May,2016,2016-01-01,2016-05-01,2016-05-02,4,Weekday,THU,MAY
2016-05-06,Friday,May,2016,2016-01-01,2016-05-01,2016-05-02,5,Weekday,FRI,MAY
2016-05-07,Saturday,May,2016,2016-01-01,2016-05-01,2016-05-02,6,Weekend,SAT,MAY
2016-05-08,Sunday,May,2016,2016-01-01,2016-05-01,2016-05-02,7,Weekend,SUN,MAY
2016-05-09,Monday,May,2016,2016-01-01,2016-05-01,2016-05-09,1,Weekday,MON,MAY
2016-05-10,Tuesday,May,2016,2016-01-01,2016-05-01,2016-05-09,2,Weekday,TUE,MAY
2016-05-11,Wednesday,May,2016,2016-01-01,2016-05-01,2016-05-09,3,Weekday,WED,MAY
2016-05-12,Thursday,May,2016,2016-01-01,2016-05-01,2016-05-09,4,Weekday,THU,MAY
2016-05-13,Friday,May,2016,2016-01-01,2016-05-01,2016-05-09,5,Weekday,FRI,MAY
2016-05-14,Saturday,May,2016,2016-01-01,2016-05-01,2016-05-09,6,Weekend,SAT,MAY
2016-05-15,Sunday,May,2016,2016-01-01,2016-05-01,2016-05-09,7,Weekend,SUN,MAY
2016-05-16,Monday,May,2016,2016-01-01,2016-05-01,2016-05-16,1,Weekday,MON,MAY
2016-05-17,Tuesday,May,2016,2016-01-01,2016-05-01,2016-05-16,2,Weekday,TUE,MAY
2016-05-18,Wednesday,May,2016,2016-01-01,2016-05-01,2016-05-16,3,Weekday,WED,MAY
2016-05-19,Thursday,May,2016,2016-01-01,2016-05-01,2016-05-16,4,Weekday,THU,MAY
2016-05-20,Friday,May,2016,2016-01-01,2016-05-01,2016-05-16,5,Weekday,FRI,MAY
2016-05-21,Saturday,May,2016,2016-01-01,2016-05-01,2016-05-16,6,Weekend,SAT,MAY
2016-05-22,Sunday,May,2016,2016-01-01,2016-05-01,2016-05-16,7,Weekend,SUN,MAY
2016-05-23,Monday,May,2016,2016-01-01,2016-05-01,2016-05-23,1,Weekday,MON,MAY
2016-05-24,Tuesday,May,2016,2016-01-01,2016-05-01,2016-05-23,2,Weekday,TUE,MAY
2016-05-25,Wednesday,May,2016,2016-01-01,2016-05-01,2016-05-23,3,Weekday,WED,MAY
2016-05-26,Thursday,May,2016,2016-01-01,2016-05-01,2016-05-23,4,Weekday,THU,MAY
2016-05-27,Friday,May,2016,2016-01-01,2016-05-01,2016-05-23,5,Weekday,FRI,MAY
2016-05-28,Saturday,May,2016,2016-01-01,2016-05-01,2016-05-23,6,Weekend,SAT,MAY
2016-05-29,Sunday,May,2016,2016-01-01,2016-05-01,2016-05-23,7,Weekend,SUN,MAY
2016-05-30,Monday,May,2016,2016-01-01,2016-05-01,2016-05-30,1,Weekday,MON,MAY
2016-05-31,Tuesday,May,2016,2016-01-01,2016-05-01,2016-05-30,2,Weekday,TUE,MAY
2016-06-01,Wednesday,June,2016,2016-01-01,2016-06-01,2016-05-30,3,Weekday,WED,JUN
2016-06-02,Thursday,June,2016,2016-01-01,2016-06-01,2016-05-30,4,Weekday,THU,JUN
2016-06-03,Friday,June,2016,2016-01-01,2016-06-01,2016-05-30,5,Weekday,FRI,JUN
2016-06-04,Saturday,June,2016,2016-01-01,2016-06-01,2016-05-30,6,Weekend,SAT,JUN
2016-06-05,Sunday,June,2016,2016-01-01,2016-06-01,2016-05-30,7,Weekend,SUN,JUN
2016-06-06,Monday,June,2016,2016-01-01,2016-06-01,2016-06-06,1,Weekday,MON,JUN
2016-06-07,Tuesday,June,2016,2016-01-01,2016-06-01,2016-06-06,2,Weekday,TUE,JUN
2016-06-08,Wednesday,June,2016,2016-01-01,2016-06-01,2016-06-06,3,Weekday,WED,JUN
2016-06-09,Thursday,June,2016,2016-01-01,2016-06-01,2016-06-06,4,Weekday,THU,JUN
2016-06-10,Friday,June,2016,2016-01-01,2016-06-01,2016-06-06,5,Weekday,FRI,JUN
2016-06-11,Saturday,June,2016,2016-01-01,2016-06-01,2016-06-06,6,Weekend,SAT,JUN
2016-06-12,Sunday,June,2016,2016-01-01,2016-06-01,2016-06-06,7,Weekend,SUN,JUN
2016-06-13,Monday,June,2016,2016-01-01,2016-06-01,2016-06-13,1,Weekday,MON,JUN
2016-06-14,Tuesday,June,2016,2016-01-01,2016-06-01,2016-06-13,2,Weekday,TUE,JUN
2016-06-15,Wednesday,June,2016,2016-01-01,2016-06-01,2016-06-13,3,Weekday,WED,JUN
2016-06-16,Thursday,June,2016,2016-01-01,2016-06-01,2016-06-13,4,Weekday,THU,JUN
2016-06-17,Friday,June,2016,2016-01-01,2016-06-01,2016-06-13,5,Weekday,FRI,JUN
2016-06-18,Saturday,June,2016,2016-01-01,2016-06-01,2016-06-13,6,Weekend,SAT,JUN
2016-06-19,Sunday,June,2016,2016-01-01,2016-06-01,2016-06-13,7,Weekend,SUN,JUN
2016-06-20,Monday,June,2016,2016-01-01,2016-06-01,2016-06-20,1,Weekday,MON,JUN
2016-06-21,Tuesday,June,2016,2016-01-01,2016-06-01,2016-06-20,2,Weekday,TUE,JUN
2016-06-22,Wednesday,June,2016,2016-01-01,2016-06-01,2016-06-20,3,Weekday,WED,JUN
2016-06-23,Thursday,June,2016,2016-01-01,2016-06-01,2016-06-20,4,Weekday,THU,JUN
2016-06-24,Friday,June,2016,2016-01-01,2016-06-01,2016-06-20,5,Weekday,FRI,JUN
2016-06-25,Saturday,June,2016,2016-01-01,2016-06-01,2016-06-20,6,Weekend,SAT,JUN
2016-06-26,Sunday,June,2016,2016-01-01,2016-06-01,2016-06-20,7,Weekend,SUN,JUN
2016-06-27,Monday,June,2016,2016-01-01,2016-06-01,2016-06-27,1,Weekday,MON,JUN
2016-06-28,Tuesday,June,2016,2016-01-01,2016-06-01,2016-06-27,2,Weekday,TUE,JUN
2016-06-29,Wednesday,June,2016,2016-01-01,2016-06-01,2016-06-27,3,Weekday,WED,JUN
2016-06-30,Thursday,June,2016,2016-01-01,2016-06-01,2016-06-27,4,Weekday,THU,JUN
2016-07-01,Friday,July,2016,2016-01-01,2016-07-01,2016-06-27,5,Weekday,FRI,JUL
2016-07-02,Saturday,July,2016,2016-01-01,2016-07-01,2016-06-27,6,Weekend,SAT,JUL
2016-07-03,Sunday,July,2016,2016-01-01,2016-07-01,2016-06-27,7,Weekend,SUN,JUL
2016-07-04,Monday,July,2016,2016-01-01,2016-07-01,2016-07-04,1,Weekday,MON,JUL
2016-07-05,Tuesday,July,2016,2016-01-01,2016-07-01,2016-07-04,2,Weekday,TUE,JUL
2016-07-06,Wednesday,July,2016,2016-01-01,2016-07-01,2016-07-04,3,Weekday,WED,JUL
2016-07-07,Thursday,July,2016,2016-01-01,2016-07-01,2016-07-04,4,Weekday,THU,JUL
2016-07-08,Friday,July,2016,2016-01-01,2016-07-01,2016-07-04,5,Weekday,FRI,JUL
2016-07-09,Saturday,July,2016,2016-01-01,2016-07-01,2016-07-04,6,Weekend,SAT,JUL
2016-07-10,Sunday,July,2016,2016-01-01,2016-07-01,2016-07-04,7,Weekend,SUN,JUL
2016-07-11,Monday,July,2016,2016-01-01,2016-07-01,2016-07-11,1,Weekday,MON,JUL
2016-07-12,Tuesday,July,2016,2016-01-01,2016-07-01,2016-07-11,2,Weekday,TUE,JUL
2016-07-13,Wednesday,July,2016,2016-01-01,2016-07-01,2016-07-11,3,Weekday,WED,JUL
2016-07-14,Thursday,July,2016,2016-01-01,2016-07-01,2016-07-11,4,Weekday,THU,JUL
2016-07-15,Friday,July,2016,2016-01-01,2016-07-01,2016-07-11,5,Weekday,FRI,JUL
2016-07-16,Saturday,July,2016,2016-01-01,2016-07-01,2016-07-11,6,Weekend,SAT,JUL
2016-07-17,Sunday,July,2016,2016-01-01,2016-07-01,2016-07-11,7,Weekend,SUN,JUL
2016-07-18,Monday,July,2016,2016-01-01,2016-07-01,2016-07-18,1,Weekday,MON,JUL
2016-07-19,Tuesday,July,2016,2016-01-01,2016-07-01,2016-07-18,2,Weekday,TUE,JUL
2016-07-20,Wednesday,July,2016,2016-01-01,2016-07-01,2016-07-18,3,Weekday,WED,JUL
2016-07-21,Thursday,July,2016,2016-01-01,2016-07-01,2016-07-18,4,Weekday,THU,JUL
2016-07-22,Friday,July,2016,2016-01-01,2016-07-01,2016-07-18,5,Weekday,FRI,JUL
2016-07-23,Saturday,July,2016,2016-01-01,2016-07-01,2016-07-18,6,Weekend,SAT,JUL
2016-07-24,Sunday,July,2016,2016-01-01,2016-07-01,2016-07-18,7,Weekend,SUN,JUL
2016-07-25,Monday,July,2016,2016-01-01,2016-07-01,2016-07-25,1,Weekday,MON,JUL
2016-07-26,Tuesday,July,2016,2016-01-01,2016-07-01,2016-07-25,2,Weekday,TUE,JUL
2016-07-27,Wednesday,July,2016,2016-01-01,2016-07-01,2016-07-25,3,Weekday,WED,JUL
2016-07-28,Thursday,July,2016,2016-01-01,2016-07-01,2016-07-25,4,Weekday,THU,JUL
2016-07-29,Friday,July,2016,2016-01-01,2016-07-01,2016-07-25,5,Weekday,FRI,JUL
2016-07-30,Saturday,July,2016,2016-01-01,2016-07-01,2016-07-25,6,Weekend,SAT,JUL
2016-07-31,Sunday,July,2016,2016-01-01,2016-07-01,2016-07-25,7,Weekend,SUN,JUL
2016-08-01,Monday,August,2016,2016-01-01,2016-08-01,2016-08-01,1,Weekday,MON,AUG
2016-08-02,Tuesday,August,2016,2016-01-01,2016-08-01,2016-08-01,2,Weekday,TUE,AUG
2016-08-03,Wednesday,August,2016,2016-01-01,2016-08-01,2016-08-01,3,Weekday,WED,AUG
2016-08-04,Thursday,August,2016,2016-01-01,2016-08-01,2016-08-01,4,Weekday,THU,AUG
2016-08-05,Friday,August,2016,2016-01-01,2016-08-01,2016-08-01,5,Weekday,FRI,AUG
2016-08-06,Saturday,August,2016,2016-01-01,2016-08-01,2016-08-01,6,Weekend,SAT,AUG
2016-08-07,Sunday,August,2016,2016-01-01,2016-08-01,2016-08-01,7,Weekend,SUN,AUG
2016-08-08,Monday,August,2016,2016-01-01,2016-08-01,2016-08-08,1,Weekday,MON,AUG
2016-08-09,Tuesday,August,2016,2016-01-01,2016-08-01,2016-08-08,2,Weekday,TUE,AUG
2016-08-10,Wednesday,August,2016,2016-01-01,2016-08-01,2016-08-08,3,Weekday,WED,AUG
2016-08-11,Thursday,August,2016,2016-01-01,2016-08-01,2016-08-08,4,Weekday,THU,AUG
2016-08-12,Friday,August,2016,2016-01-01,2016-08-01,2016-08-08,5,Weekday,FRI,AUG
2016-08-13,Saturday,August,2016,2016-01-01,2016-08-01,2016-08-08,6,Weekend,SAT,AUG
2016-08-14,Sunday,August,2016,2016-01-01,2016-08-01,2016-08-08,7,Weekend,SUN,AUG
2016-08-15,Monday,August,2016,2016-01-01,2016-08-01,2016-08-15,1,Weekday,MON,AUG
2016-08-16,Tuesday,August,2016,2016-01-01,2016-08-01,2016-08-15,2,Weekday,TUE,AUG
2016-08-17,Wednesday,August,2016,2016-01-01,2016-08-01,2016-08-15,3,Weekday,WED,AUG
2016-08-18,Thursday,August,2016,2016-01-01,2016-08-01,2016-08-15,4,Weekday,THU,AUG
2016-08-19,Friday,August,2016,2016-01-01,2016-08-01,2016-08-15,5,Weekday,FRI,AUG
2016-08-20,Saturday,August,2016,2016-01-01,2016-08-01,2016-08-15,6,Weekend,SAT,AUG
2016-08-21,Sunday,August,2016,2016-01-01,2016-08-01,2016-08-15,7,Weekend,SUN,AUG
2016-08-22,Monday,August,2016,2016-01-01,2016-08-01,2016-08-22,1,Weekday,MON,AUG
2016-08-23,Tuesday,August,2016,2016-01-01,2016-08-01,2016-08-22,2,Weekday,TUE,AUG
2016-08-24,Wednesday,August,2016,2016-01-01,2016-08-01,2016-08-22,3,Weekday,WED,AUG
2016-08-25,Thursday,August,2016,2016-01-01,2016-08-01,2016-08-22,4,Weekday,THU,AUG
2016-08-26,Friday,August,2016,2016-01-01,2016-08-01,2016-08-22,5,Weekday,FRI,AUG
2016-08-27,Saturday,August,2016,2016-01-01,2016-08-01,2016-08-22,6,Weekend,SAT,AUG
2016-08-28,Sunday,August,2016,2016-01-01,2016-08-01,2016-08-22,7,Weekend,SUN,AUG
2016-08-29,Monday,August,2016,2016-01-01,2016-08-01,2016-08-29,1,Weekday,MON,AUG
2016-08-30,Tuesday,August,2016,2016-01-01,2016-08-01,2016-08-29,2,Weekday,TUE,AUG
2016-08-31,Wednesday,August,2016,2016-01-01,2016-08-01,2016-08-29,3,Weekday,WED,AUG
2016-09-01,Thursday,September,2016,2016-01-01,2016-09-01,2016-08-29,4,Weekday,THU,SEP
2016-09-02,Friday,September,2016,2016-01-01,2016-09-01,2016-08-29,5,Weekday,FRI,SEP
2016-09-03,Saturday,September,2016,2016-01-01,2016-09-01,2016-08-29,6,Weekend,SAT,SEP
2016-09-04,Sunday,September,2016,2016-01-01,2016-09-01,2016-08-29,7,Weekend,SUN,SEP
2016-09-05,Monday,September,2016,2016-01-01,2016-09-01,2016-09-05,1,Weekday,MON,SEP
2016-09-06,Tuesday,September,2016,2016-01-01,2016-09-01,2016-09-05,2,Weekday,TUE,SEP
2016-09-07,Wednesday,September,2016,2016-01-01,2016-09-01,2016-09-05,3,Weekday,WED,SEP
2016-09-08,Thursday,September,2016,2016-01-01,2016-09-01,2016-09-05,4,Weekday,THU,SEP
2016-09-09,Friday,September,2016,2016-01-01,2016-09-01,2016-09-05,5,Weekday,FRI,SEP
2016-09-10,Saturday,September,2016,2016-01-01,2016-09-01,2016-09-05,6,Weekend,SAT,SEP
2016-09-11,Sunday,September,2016,2016-01-01,2016-09-01,2016-09-05,7,Weekend,SUN,SEP
2016-09-12,Monday,September,2016,2016-01-01,2016-09-01,2016-09-12,1,Weekday,MON,SEP
2016-09-13,Tuesday,September,2016,2016-01-01,2016-09-01,2016-09-12,2,Weekday,TUE,SEP
2016-09-14,Wednesday,September,2016,2016-01-01,2016-09-01,2016-09-12,3,Weekday,WED,SEP
2016-09-15,Thursday,September,2016,2016-01-01,2016-09-01,2016-09-12,4,Weekday,THU,SEP
2016-09-16,Friday,September,2016,2016-01-01,2016-09-01,2016-09-12,5,Weekday,FRI,SEP
2016-09-17,Saturday,September,2016,2016-01-01,2016-09-01,2016-09-12,6,Weekend,SAT,SEP
2016-09-18,Sunday,September,2016,2016-01-01,2016-09-01,2016-09-12,7,Weekend,SUN,SEP
2016-09-19,Monday,September,2016,2016-01-01,2016-09-01,2016-09-19,1,Weekday,MON,SEP
2016-09-20,Tuesday,September,2016,2016-01-01,2016-09-01,2016-09-19,2,Weekday,TUE,SEP
2016-09-21,Wednesday,September,2016,2016-01-01,2016-09-01,2016-09-19,3,Weekday,WED,SEP
2016-09-22,Thursday,September,2016,2016-01-01,2016-09-01,2016-09-19,4,Weekday,THU,SEP
2016-09-23,Friday,September,2016,2016-01-01,2016-09-01,2016-09-19,5,Weekday,FRI,SEP
2016-09-24,Saturday,September,2016,2016-01-01,2016-09-01,2016-09-19,6,Weekend,SAT,SEP
2016-09-25,Sunday,September,2016,2016-01-01,2016-09-01,2016-09-19,7,Weekend,SUN,SEP
2016-09-26,Monday,September,2016,2016-01-01,2016-09-01,2016-09-26,1,Weekday,MON,SEP
2016-09-27,Tuesday,September,2016,2016-01-01,2016-09-01,2016-09-26,2,Weekday,TUE,SEP
2016-09-28,Wednesday,September,2016,2016-01-01,2016-09-01,2016-09-26,3,Weekday,WED,SEP
2016-09-29,Thursday,September,2016,2016-01-01,2016-09-01,2016-09-26,4,Weekday,THU,SEP
2016-09-30,Friday,September,2016,2016-01-01,2016-09-01,2016-09-26,5,Weekday,FRI,SEP
2016-10-01,Saturday,October,2016,2016-01-01,2016-10-01,2016-09-26,6,Weekend,SAT,OCT
2016-10-02,Sunday,October,2016,2016-01-01,2016-10-01,2016-09-26,7,Weekend,SUN,OCT
2016-10-03,Monday,October,2016,2016-01-01,2016-10-01,2016-10-03,1,Weekday,MON,OCT
2016-10-04,Tuesday,October,2016,2016-01-01,2016-10-01,2016-10-03,2,Weekday,TUE,OCT
2016-10-05,Wednesday,October,2016,2016-01-01,2016-10-01,2016-10-03,3,Weekday,WED,OCT
2016-10-06,Thursday,October,2016,2016-01-01,2016-10-01,2016-10-03,4,Weekday,THU,OCT
2016-10-07,Friday,October,2016,2016-01-01,2016-10-01,2016-10-03,5,Weekday,FRI,OCT
2016-10-08,Saturday,October,2016,2016-01-01,2016-10-01,2016-10-03,6,Weekend,SAT,OCT
2016-10-09,Sunday,October,2016,2016-01-01,2016-10-01,2016-10-03,7,Weekend,SUN,OCT
2016-10-10,Monday,October,2016,2016-01-01,2016-10-01,2016-10-10,1,Weekday,MON,OCT
2016-10-11,Tuesday,October,2016,2016-01-01,2016-10-01,2016-10-10,2,Weekday,TUE,OCT
2016-10-12,Wednesday,October,2016,2016-01-01,2016-10-01,2016-10-10,3,Weekday,WED,OCT
2016-10-13,Thursday,October,2016,2016-01-01,2016-10-01,2016-10-10,4,Weekday,THU,OCT
2016-10-14,Friday,October,2016,2016-01-01,2016-10-01,2016-10-10,5,Weekday,FRI,OCT
2016-10-15,Saturday,October,2016,2016-01-01,2016-10-01,2016-10-10,6,Weekend,SAT,OCT
2016-10-16,Sunday,October,2016,2016-01-01,2016-10-01,2016-10-10,7,Weekend,SUN,OCT
2016-10-17,Monday,October,2016,2016-01-01,2016-10-01,2016-10-17,1,Weekday,MON,OCT
2016-10-18,Tuesday,October,2016,2016-01-01,2016-10-01,2016-10-17,2,Weekday,TUE,OCT
2016-10-19,Wednesday,October,2016,2016-01-01,2016-10-01,2016-10-17,3,Weekday,WED,OCT
2016-10-20,Thursday,October,2016,2016-01-01,2016-10-01,2016-10-17,4,Weekday,THU,OCT
2016-10-21,Friday,October,2016,2016-01-01,2016-10-01,2016-10-17,5,Weekday,FRI,OCT
2016-10-22,Saturday,October,2016,2016-01-01,2016-10-01,2016-10-17,6,Weekend,SAT,OCT
2016-10-23,Sunday,October,2016,2016-01-01,2016-10-01,2016-10-17,7,Weekend,SUN,OCT
2016-10-24,Monday,October,2016,2016-01-01,2016-10-01,2016-10-24,1,Weekday,MON,OCT
2016-10-25,Tuesday,October,2016,2016-01-01,2016-10-01,2016-10-24,2,Weekday,TUE,OCT
2016-10-26,Wednesday,October,2016,2016-01-01,2016-10-01,2016-10-24,3,Weekday,WED,OCT
2016-10-27,Thursday,October,2016,2016-01-01,2016-10-01,2016-10-24,4,Weekday,THU,OCT
2016-10-28,Friday,October,2016,2016-01-01,2016-10-01,2016-10-24,5,Weekday,FRI,OCT
2016-10-29,Saturday,October,2016,2016-01-01,2016-10-01,2016-10-24,6,Weekend,SAT,OCT
2016-10-30,Sunday,October,2016,2016-01-01,2016-10-01,2016-10-24,7,Weekend,SUN,OCT
2016-10-31,Monday,October,2016,2016-01-01,2016-10-01,2016-10-31,1,Weekday,MON,OCT
2016-11-01,Tuesday,November,2016,2016-01-01,2016-11-01,2016-10-31,2,Weekday,TUE,NOV
2016-11-02,Wednesday,November,2016,2016-01-01,2016-11-01,2016-10-31,3,Weekday,WED,NOV
2016-11-03,Thursday,November,2016,2016-01-01,2016-11-01,2016-10-31,4,Weekday,THU,NOV
2016-11-04,Friday,November,2016,2016-01-01,2016-11-01,2016-10-31,5,Weekday,FRI,NOV
2016-11-05,Saturday,November,2016,2016-01-01,2016-11-01,2016-10-31,6,Weekend,SAT,NOV
2016-11-06,Sunday,November,2016,2016-01-01,2016-11-01,2016-10-31,7,Weekend,SUN,NOV
2016-11-07,Monday,November,2016,2016-01-01,2016-11-01,2016-11-07,1,Weekday,MON,NOV
2016-11-08,Tuesday,November,2016,2016-01-01,2016-11-01,2016-11-07,2,Weekday,TUE,NOV
2016-11-09,Wednesday,November,2016,2016-01-01,2016-11-01,2016-11-07,3,Weekday,WED,NOV
2016-11-10,Thursday,November,2016,2016-01-01,2016-11-01,2016-11-07,4,Weekday,THU,NOV
2016-11-11,Friday,November,2016,2016-01-01,2016-11-01,2016-11-07,5,Weekday,FRI,NOV
2016-11-12,Saturday,November,2016,2016-01-01,2016-11-01,2016-11-07,6,Weekend,SAT,NOV
2016-11-13,Sunday,November,2016,2016-01-01,2016-11-01,2016-11-07,7,Weekend,SUN,NOV
2016-11-14,Monday,November,2016,2016-01-01,2016-11-01,2016-11-14,1,Weekday,MON,NOV
2016-11-15,Tuesday,November,2016,2016-01-01,2016-11-01,2016-11-14,2,Weekday,TUE,NOV
2016-11-16,Wednesday,November,2016,2016-01-01,2016-11-01,2016-11-14,3,Weekday,WED,NOV
2016-11-17,Thursday,November,2016,2016-01-01,2016-11-01,2016-11-14,4,Weekday,THU,NOV
2016-11-18,Friday,November,2016,2016-01-01,2016-11-01,2016-11-14,5,Weekday,FRI,NOV
2016-11-19,Saturday,November,2016,2016-01-01,2016-11-01,2016-11-14,6,Weekend,SAT,NOV
2016-11-20,Sunday,November,2016,2016-01-01,2016-11-01,2016-11-14,7,Weekend,SUN,NOV
2016-11-21,Monday,November,2016,2016-01-01,2016-11-01,2016-11-21,1,Weekday,MON,NOV
2016-11-22,Tuesday,November,2016,2016-01-01,2016-11-01,2016-11-21,2,Weekday,TUE,NOV
2016-11-23,Wednesday,November,2016,2016-01-01,2016-11-01,2016-11-21,3,Weekday,WED,NOV
2016-11-24,Thursday,November,2016,2016-01-01,2016-11-01,2016-11-21,4,Weekday,THU,NOV
2016-11-25,Friday,November,2016,2016-01-01,2016-11-01,2016-11-21,5,Weekday,FRI,NOV
2016-11-26,Saturday,November,2016,2016-01-01,2016-11-01,2016-11-21,6,Weekend,SAT,NOV
2016-11-27,Sunday,November,2016,2016-01-01,2016-11-01,2016-11-21,7,Weekend,SUN,NOV
2016-11-28,Monday,November,2016,2016-01-01,2016-11-01,2016-11-28,1,Weekday,MON,NOV
2016-11-29,Tuesday,November,2016,2016-01-01,2016-11-01,2016-11-28,2,Weekday,TUE,NOV
2016-11-30,Wednesday,November,2016,2016-01-01,2016-11-01,2016-11-28,3,Weekday,WED,NOV
2016-12-01,Thursday,December,2016,2016-01-01,2016-12-01,2016-11-28,4,Weekday,THU,DEC
2016-12-02,Friday,December,2016,2016-01-01,2016-12-01,2016-11-28,5,Weekday,FRI,DEC
2016-12-03,Saturday,December,2016,2016-01-01,2016-12-01,2016-11-28,6,Weekend,SAT,DEC
2016-12-04,Sunday,December,2016,2016-01-01,2016-12-01,2016-11-28,7,Weekend,SUN,DEC
2016-12-05,Monday,December,2016,2016-01-01,2016-12-01,2016-12-05,1,Weekday,MON,DEC
2016-12-06,Tuesday,December,2016,2016-01-01,2016-12-01,2016-12-05,2,Weekday,TUE,DEC
2016-12-07,Wednesday,December,2016,2016-01-01,2016-12-01,2016-12-05,3,Weekday,WED,DEC
2016-12-08,Thursday,December,2016,2016-01-01,2016-12-01,2016-12-05,4,Weekday,THU,DEC
2016-12-09,Friday,December,2016,2016-01-01,2016-12-01,2016-12-05,5,Weekday,FRI,DEC
2016-12-10,Saturday,December,2016,2016-01-01,2016-12-01,2016-12-05,6,Weekend,SAT,DEC
2016-12-11,Sunday,December,2016,2016-01-01,2016-12-01,2016-12-05,7,Weekend,SUN,DEC
2016-12-12,Monday,December,2016,2016-01-01,2016-12-01,2016-12-12,1,Weekday,MON,DEC
2016-12-13,Tuesday,December,2016,2016-01-01,2016-12-01,2016-12-12,2,Weekday,TUE,DEC
2016-12-14,Wednesday,December,2016,2016-01-01,2016-12-01,2016-12-12,3,Weekday,WED,DEC
2016-12-15,Thursday,December,2016,2016-01-01,2016-12-01,2016-12-12,4,Weekday,THU,DEC
2016-12-16,Friday,December,2016,2016-01-01,2016-12-01,2016-12-12,5,Weekday,FRI,DEC
2016-12-17,Saturday,December,2016,2016-01-01,2016-12-01,2016-12-12,6,Weekend,SAT,DEC
2016-12-18,Sunday,December,2016,2016-01-01,2016-12-01,2016-12-12,7,Weekend,SUN,DEC
2016-12-19,Monday,December,2016,2016-01-01,2016-12-01,2016-12-19,1,Weekday,MON,DEC
2016-12-20,Tuesday,December,2016,2016-01-01,2016-12-01,2016-12-19,2,Weekday,TUE,DEC
2016-12-21,Wednesday,December,2016,2016-01-01,2016-12-01,2016-12-19,3,Weekday,WED,DEC
2016-12-22,Thursday,December,2016,2016-01-01,2016-12-01,2016-12-19,4,Weekday,THU,DEC
2016-12-23,Friday,December,2016,2016-01-01,2016-12-01,2016-12-19,5,Weekday,FRI,DEC
2016-12-24,Saturday,December,2016,2016-01-01,2016-12-01,2016-12-19,6,Weekend,SAT,DEC
2016-12-25,Sunday,December,2016,2016-01-01,2016-12-01,2016-12-19,7,Weekend,SUN,DEC
2016-12-26,Monday,December,2016,2016-01-01,2016-12-01,2016-12-26,1,Weekday,MON,DEC
2016-12-27,Tuesday,December,2016,2016-01-01,2016-12-01,2016-12-26,2,Weekday,TUE,DEC
2016-12-28,Wednesday,December,2016,2016-01-01,2016-12-01,2016-12-26,3,Weekday,WED,DEC
2016-12-29,Thursday,December,2016,2016-01-01,2016-12-01,2016-12-26,4,Weekday,THU,DEC
2016-12-30,Friday,December,2016,2016-01-01,2016-12-01,2016-12-26,5,Weekday,FRI,DEC
2016-12-31,Saturday,December,2016,2016-01-01,2016-12-01,2016-12-26,6,Weekend,SAT,DEC
2017-01-01,Sunday,January,2017,2017-01-01,2017-01-01,2016-12-26,7,Weekend,SUN,JAN
2017-01-02,Monday,January,2017,2017-01-01,2017-01-01,2017-01-02,1,Weekday,MON,JAN
2017-01-03,Tuesday,January,2017,2017-01-01,2017-01-01,2017-01-02,2,Weekday,TUE,JAN
2017-01-04,Wednesday,January,2017,2017-01-01,2017-01-01,2017-01-02,3,Weekday,WED,JAN
2017-01-05,Thursday,January,2017,2017-01-01,2017-01-01,2017-01-02,4,Weekday,THU,JAN
2017-01-06,Friday,January,2017,2017-01-01,2017-01-01,2017-01-02,5,Weekday,FRI,JAN
2017-01-07,Saturday,January,2017,2017-01-01,2017-01-01,2017-01-02,6,Weekend,SAT,JAN
2017-01-08,Sunday,January,2017,2017-01-01,2017-01-01,2017-01-02,7,Weekend,SUN,JAN
2017-01-09,Monday,January,2017,2017-01-01,2017-01-01,2017-01-09,1,Weekday,MON,JAN
2017-01-10,Tuesday,January,2017,2017-01-01,2017-01-01,2017-01-09,2,Weekday,TUE,JAN
2017-01-11,Wednesday,January,2017,2017-01-01,2017-01-01,2017-01-09,3,Weekday,WED,JAN
2017-01-12,Thursday,January,2017,2017-01-01,2017-01-01,2017-01-09,4,Weekday,THU,JAN
2017-01-13,Friday,January,2017,2017-01-01,2017-01-01,2017-01-09,5,Weekday,FRI,JAN
2017-01-14,Saturday,January,2017,2017-01-01,2017-01-01,2017-01-09,6,Weekend,SAT,JAN
2017-01-15,Sunday,January,2017,2017-01-01,2017-01-01,2017-01-09,7,Weekend,SUN,JAN
2017-01-16,Monday,January,2017,2017-01-01,2017-01-01,2017-01-16,1,Weekday,MON,JAN
2017-01-17,Tuesday,January,2017,2017-01-01,2017-01-01,2017-01-16,2,Weekday,TUE,JAN
2017-01-18,Wednesday,January,2017,2017-01-01,2017-01-01,2017-01-16,3,Weekday,WED,JAN
2017-01-19,Thursday,January,2017,2017-01-01,2017-01-01,2017-01-16,4,Weekday,THU,JAN
2017-01-20,Friday,January,2017,2017-01-01,2017-01-01,2017-01-16,5,Weekday,FRI,JAN
2017-01-21,Saturday,January,2017,2017-01-01,2017-01-01,2017-01-16,6,Weekend,SAT,JAN
2017-01-22,Sunday,January,2017,2017-01-01,2017-01-01,2017-01-16,7,Weekend,SUN,JAN
2017-01-23,Monday,January,2017,2017-01-01,2017-01-01,2017-01-23,1,Weekday,MON,JAN
2017-01-24,Tuesday,January,2017,2017-01-01,2017-01-01,2017-01-23,2,Weekday,TUE,JAN
2017-01-25,Wednesday,January,2017,2017-01-01,2017-01-01,2017-01-23,3,Weekday,WED,JAN
2017-01-26,Thursday,January,2017,2017-01-01,2017-01-01,2017-01-23,4,Weekday,THU,JAN
2017-01-27,Friday,January,2017,2017-01-01,2017-01-01,2017-01-23,5,Weekday,FRI,JAN
2017-01-28,Saturday,January,2017,2017-01-01,2017-01-01,2017-01-23,6,Weekend,SAT,JAN
2017-01-29,Sunday,January,2017,2017-01-01,2017-01-01,2017-01-23,7,Weekend,SUN,JAN
2017-01-30,Monday,January,2017,2017-01-01,2017-01-01,2017-01-30,1,Weekday,MON,JAN
2017-01-31,Tuesday,January,2017,2017-01-01,2017-01-01,2017-01-30,2,Weekday,TUE,JAN
2017-02-01,Wednesday,February,2017,2017-01-01,2017-02-01,2017-01-30,3,Weekday,WED,FEB
2017-02-02,Thursday,February,2017,2017-01-01,2017-02-01,2017-01-30,4,Weekday,THU,FEB
2017-02-03,Friday,February,2017,2017-01-01,2017-02-01,2017-01-30,5,Weekday,FRI,FEB
2017-02-04,Saturday,February,2017,2017-01-01,2017-02-01,2017-01-30,6,Weekend,SAT,FEB
2017-02-05,Sunday,February,2017,2017-01-01,2017-02-01,2017-01-30,7,Weekend,SUN,FEB
2017-02-06,Monday,February,2017,2017-01-01,2017-02-01,2017-02-06,1,Weekday,MON,FEB
2017-02-07,Tuesday,February,2017,2017-01-01,2017-02-01,2017-02-06,2,Weekday,TUE,FEB
2017-02-08,Wednesday,February,2017,2017-01-01,2017-02-01,2017-02-06,3,Weekday,WED,FEB
2017-02-09,Thursday,February,2017,2017-01-01,2017-02-01,2017-02-06,4,Weekday,THU,FEB
2017-02-10,Friday,February,2017,2017-01-01,2017-02-01,2017-02-06,5,Weekday,FRI,FEB
2017-02-11,Saturday,February,2017,2017-01-01,2017-02-01,2017-02-06,6,Weekend,SAT,FEB
2017-02-12,Sunday,February,2017,2017-01-01,2017-02-01,2017-02-06,7,Weekend,SUN,FEB
2017-02-13,Monday,February,2017,2017-01-01,2017-02-01,2017-02-13,1,Weekday,MON,FEB
2017-02-14,Tuesday,February,2017,2017-01-01,2017-02-01,2017-02-13,2,Weekday,TUE,FEB
2017-02-15,Wednesday,February,2017,2017-01-01,2017-02-01,2017-02-13,3,Weekday,WED,FEB
2017-02-16,Thursday,February,2017,2017-01-01,2017-02-01,2017-02-13,4,Weekday,THU,FEB
2017-02-17,Friday,February,2017,2017-01-01,2017-02-01,2017-02-13,5,Weekday,FRI,FEB
2017-02-18,Saturday,February,2017,2017-01-01,2017-02-01,2017-02-13,6,Weekend,SAT,FEB
2017-02-19,Sunday,February,2017,2017-01-01,2017-02-01,2017-02-13,7,Weekend,SUN,FEB
2017-02-20,Monday,February,2017,2017-01-01,2017-02-01,2017-02-20,1,Weekday,MON,FEB
2017-02-21,Tuesday,February,2017,2017-01-01,2017-02-01,2017-02-20,2,Weekday,TUE,FEB
2017-02-22,Wednesday,February,2017,2017-01-01,2017-02-01,2017-02-20,3,Weekday,WED,FEB
2017-02-23,Thursday,February,2017,2017-01-01,2017-02-01,2017-02-20,4,Weekday,THU,FEB
2017-02-24,Friday,February,2017,2017-01-01,2017-02-01,2017-02-20,5,Weekday,FRI,FEB
2017-02-25,Saturday,February,2017,2017-01-01,2017-02-01,2017-02-20,6,Weekend,SAT,FEB
2017-02-26,Sunday,February,2017,2017-01-01,2017-02-01,2017-02-20,7,Weekend,SUN,FEB
2017-02-27,Monday,February,2017,2017-01-01,2017-02-01,2017-02-27,1,Weekday,MON,FEB
2017-02-28,Tuesday,February,2017,2017-01-01,2017-02-01,2017-02-27,2,Weekday,TUE,FEB
2017-03-01,Wednesday,March,2017,2017-01-01,2017-03-01,2017-02-27,3,Weekday,WED,MAR
2017-03-02,Thursday,March,2017,2017-01-01,2017-03-01,2017-02-27,4,Weekday,THU,MAR
2017-03-03,Friday,March,2017,2017-01-01,2017-03-01,2017-02-27,5,Weekday,FRI,MAR
2017-03-04,Saturday,March,2017,2017-01-01,2017-03-01,2017-02-27,6,Weekend,SAT,MAR
2017-03-05,Sunday,March,2017,2017-01-01,2017-03-01,2017-02-27,7,Weekend,SUN,MAR
2017-03-06,Monday,March,2017,2017-01-01,2017-03-01,2017-03-06,1,Weekday,MON,MAR
2017-03-07,Tuesday,March,2017,2017-01-01,2017-03-01,2017-03-06,2,Weekday,TUE,MAR
2017-03-08,Wednesday,March,2017,2017-01-01,2017-03-01,2017-03-06,3,Weekday,WED,MAR
2017-03-09,Thursday,March,2017,2017-01-01,2017-03-01,2017-03-06,4,Weekday,THU,MAR
2017-03-10,Friday,March,2017,2017-01-01,2017-03-01,2017-03-06,5,Weekday,FRI,MAR
2017-03-11,Saturday,March,2017,2017-01-01,2017-03-01,2017-03-06,6,Weekend,SAT,MAR
2017-03-12,Sunday,March,2017,2017-01-01,2017-03-01,2017-03-06,7,Weekend,SUN,MAR
2017-03-13,Monday,March,2017,2017-01-01,2017-03-01,2017-03-13,1,Weekday,MON,MAR
2017-03-14,Tuesday,March,2017,2017-01-01,2017-03-01,2017-03-13,2,Weekday,TUE,MAR
2017-03-15,Wednesday,March,2017,2017-01-01,2017-03-01,2017-03-13,3,Weekday,WED,MAR
2017-03-16,Thursday,March,2017,2017-01-01,2017-03-01,2017-03-13,4,Weekday,THU,MAR
2017-03-17,Friday,March,2017,2017-01-01,2017-03-01,2017-03-13,5,Weekday,FRI,MAR
2017-03-18,Saturday,March,2017,2017-01-01,2017-03-01,2017-03-13,6,Weekend,SAT,MAR
2017-03-19,Sunday,March,2017,2017-01-01,2017-03-01,2017-03-13,7,Weekend,SUN,MAR
2017-03-20,Monday,March,2017,2017-01-01,2017-03-01,2017-03-20,1,Weekday,MON,MAR
2017-03-21,Tuesday,March,2017,2017-01-01,2017-03-01,2017-03-20,2,Weekday,TUE,MAR
2017-03-22,Wednesday,March,2017,2017-01-01,2017-03-01,2017-03-20,3,Weekday,WED,MAR
2017-03-23,Thursday,March,2017,2017-01-01,2017-03-01,2017-03-20,4,Weekday,THU,MAR
2017-03-24,Friday,March,2017,2017-01-01,2017-03-01,2017-03-20,5,Weekday,FRI,MAR
2017-03-25,Saturday,March,2017,2017-01-01,2017-03-01,2017-03-20,6,Weekend,SAT,MAR
2017-03-26,Sunday,March,2017,2017-01-01,2017-03-01,2017-03-20,7,Weekend,SUN,MAR
2017-03-27,Monday,March,2017,2017-01-01,2017-03-01,2017-03-27,1,Weekday,MON,MAR
2017-03-28,Tuesday,March,2017,2017-01-01,2017-03-01,2017-03-27,2,Weekday,TUE,MAR
2017-03-29,Wednesday,March,2017,2017-01-01,2017-03-01,2017-03-27,3,Weekday,WED,MAR
2017-03-30,Thursday,March,2017,2017-01-01,2017-03-01,2017-03-27,4,Weekday,THU,MAR
2017-03-31,Friday,March,2017,2017-01-01,2017-03-01,2017-03-27,5,Weekday,FRI,MAR
2017-04-01,Saturday,April,2017,2017-01-01,2017-04-01,2017-03-27,6,Weekend,SAT,APR
2017-04-02,Sunday,April,2017,2017-01-01,2017-04-01,2017-03-27,7,Weekend,SUN,APR
2017-04-03,Monday,April,2017,2017-01-01,2017-04-01,2017-04-03,1,Weekday,MON,APR
2017-04-04,Tuesday,April,2017,2017-01-01,2017-04-01,2017-04-03,2,Weekday,TUE,APR
2017-04-05,Wednesday,April,2017,2017-01-01,2017-04-01,2017-04-03,3,Weekday,WED,APR
2017-04-06,Thursday,April,2017,2017-01-01,2017-04-01,2017-04-03,4,Weekday,THU,APR
2017-04-07,Friday,April,2017,2017-01-01,2017-04-01,2017-04-03,5,Weekday,FRI,APR
2017-04-08,Saturday,April,2017,2017-01-01,2017-04-01,2017-04-03,6,Weekend,SAT,APR
2017-04-09,Sunday,April,2017,2017-01-01,2017-04-01,2017-04-03,7,Weekend,SUN,APR
2017-04-10,Monday,April,2017,2017-01-01,2017-04-01,2017-04-10,1,Weekday,MON,APR
2017-04-11,Tuesday,April,2017,2017-01-01,2017-04-01,2017-04-10,2,Weekday,TUE,APR
2017-04-12,Wednesday,April,2017,2017-01-01,2017-04-01,2017-04-10,3,Weekday,WED,APR
2017-04-13,Thursday,April,2017,2017-01-01,2017-04-01,2017-04-10,4,Weekday,THU,APR
2017-04-14,Friday,April,2017,2017-01-01,2017-04-01,2017-04-10,5,Weekday,FRI,APR
2017-04-15,Saturday,April,2017,2017-01-01,2017-04-01,2017-04-10,6,Weekend,SAT,APR
2017-04-16,Sunday,April,2017,2017-01-01,2017-04-01,2017-04-10,7,Weekend,SUN,APR
2017-04-17,Monday,April,2017,2017-01-01,2017-04-01,2017-04-17,1,Weekday,MON,APR
2017-04-18,Tuesday,April,2017,2017-01-01,2017-04-01,2017-04-17,2,Weekday,TUE,APR
2017-04-19,Wednesday,April,2017,2017-01-01,2017-04-01,2017-04-17,3,Weekday,WED,APR
2017-04-20,Thursday,April,2017,2017-01-01,2017-04-01,2017-04-17,4,Weekday,THU,APR
2017-04-21,Friday,April,2017,2017-01-01,2017-04-01,2017-04-17,5,Weekday,FRI,APR
2017-04-22,Saturday,April,2017,2017-01-01,2017-04-01,2017-04-17,6,Weekend,SAT,APR
2017-04-23,Sunday,April,2017,2017-01-01,2017-04-01,2017-04-17,7,Weekend,SUN,APR
2017-04-24,Monday,April,2017,2017-01-01,2017-04-01,2017-04-24,1,Weekday,MON,APR
2017-04-25,Tuesday,April,2017,2017-01-01,2017-04-01,2017-04-24,2,Weekday,TUE,APR
2017-04-26,Wednesday,April,2017,2017-01-01,2017-04-01,2017-04-24,3,Weekday,WED,APR
2017-04-27,Thursday,April,2017,2017-01-01,2017-04-01,2017-04-24,4,Weekday,THU,APR
2017-04-28,Friday,April,2017,2017-01-01,2017-04-01,2017-04-24,5,Weekday,FRI,APR
2017-04-29,Saturday,April,2017,2017-01-01,2017-04-01,2017-04-24,6,Weekend,SAT,APR
2017-04-30,Sunday,April,2017,2017-01-01,2017-04-01,2017-04-24,7,Weekend,SUN,APR
2017-05-01,Monday,May,2017,2017-01-01,2017-05-01,2017-05-01,1,Weekday,MON,MAY
2017-05-02,Tuesday,May,2017,2017-01-01,2017-05-01,2017-05-01,2,Weekday,TUE,MAY
2017-05-03,Wednesday,May,2017,2017-01-01,2017-05-01,2017-05-01,3,Weekday,WED,MAY
2017-05-04,Thursday,May,2017,2017-01-01,2017-05-01,2017-05-01,4,Weekday,THU,MAY
2017-05-05,Friday,May,2017,2017-01-01,2017-05-01,2017-05-01,5,Weekday,FRI,MAY
2017-05-06,Saturday,May,2017,2017-01-01,2017-05-01,2017-05-01,6,Weekend,SAT,MAY
2017-05-07,Sunday,May,2017,2017-01-01,2017-05-01,2017-05-01,7,Weekend,SUN,MAY
2017-05-08,Monday,May,2017,2017-01-01,2017-05-01,2017-05-08,1,Weekday,MON,MAY
2017-05-09,Tuesday,May,2017,2017-01-01,2017-05-01,2017-05-08,2,Weekday,TUE,MAY
2017-05-10,Wednesday,May,2017,2017-01-01,2017-05-01,2017-05-08,3,Weekday,WED,MAY
2017-05-11,Thursday,May,2017,2017-01-01,2017-05-01,2017-05-08,4,Weekday,THU,MAY
2017-05-12,Friday,May,2017,2017-01-01,2017-05-01,2017-05-08,5,Weekday,FRI,MAY
2017-05-13,Saturday,May,2017,2017-01-01,2017-05-01,2017-05-08,6,Weekend,SAT,MAY
2017-05-14,Sunday,May,2017,2017-01-01,2017-05-01,2017-05-08,7,Weekend,SUN,MAY
2017-05-15,Monday,May,2017,2017-01-01,2017-05-01,2017-05-15,1,Weekday,MON,MAY
2017-05-16,Tuesday,May,2017,2017-01-01,2017-05-01,2017-05-15,2,Weekday,TUE,MAY
2017-05-17,Wednesday,May,2017,2017-01-01,2017-05-01,2017-05-15,3,Weekday,WED,MAY
2017-05-18,Thursday,May,2017,2017-01-01,2017-05-01,2017-05-15,4,Weekday,THU,MAY
2017-05-19,Friday,May,2017,2017-01-01,2017-05-01,2017-05-15,5,Weekday,FRI,MAY
2017-05-20,Saturday,May,2017,2017-01-01,2017-05-01,2017-05-15,6,Weekend,SAT,MAY
2017-05-21,Sunday,May,2017,2017-01-01,2017-05-01,2017-05-15,7,Weekend,SUN,MAY
2017-05-22,Monday,May,2017,2017-01-01,2017-05-01,2017-05-22,1,Weekday,MON,MAY
2017-05-23,Tuesday,May,2017,2017-01-01,2017-05-01,2017-05-22,2,Weekday,TUE,MAY
2017-05-24,Wednesday,May,2017,2017-01-01,2017-05-01,2017-05-22,3,Weekday,WED,MAY
2017-05-25,Thursday,May,2017,2017-01-01,2017-05-01,2017-05-22,4,Weekday,THU,MAY
2017-05-26,Friday,May,2017,2017-01-01,2017-05-01,2017-05-22,5,Weekday,FRI,MAY
2017-05-27,Saturday,May,2017,2017-01-01,2017-05-01,2017-05-22,6,Weekend,SAT,MAY
2017-05-28,Sunday,May,2017,2017-01-01,2017-05-01,2017-05-22,7,Weekend,SUN,MAY
2017-05-29,Monday,May,2017,2017-01-01,2017-05-01,2017-05-29,1,Weekday,MON,MAY
2017-05-30,Tuesday,May,2017,2017-01-01,2017-05-01,2017-05-29,2,Weekday,TUE,MAY
2017-05-31,Wednesday,May,2017,2017-01-01,2017-05-01,2017-05-29,3,Weekday,WED,MAY
2017-06-01,Thursday,June,2017,2017-01-01,2017-06-01,2017-05-29,4,Weekday,THU,JUN
2017-06-02,Friday,June,2017,2017-01-01,2017-06-01,2017-05-29,5,Weekday,FRI,JUN
2017-06-03,Saturday,June,2017,2017-01-01,2017-06-01,2017-05-29,6,Weekend,SAT,JUN
2017-06-04,Sunday,June,2017,2017-01-01,2017-06-01,2017-05-29,7,Weekend,SUN,JUN
2017-06-05,Monday,June,2017,2017-01-01,2017-06-01,2017-06-05,1,Weekday,MON,JUN
2017-06-06,Tuesday,June,2017,2017-01-01,2017-06-01,2017-06-05,2,Weekday,TUE,JUN
2017-06-07,Wednesday,June,2017,2017-01-01,2017-06-01,2017-06-05,3,Weekday,WED,JUN
2017-06-08,Thursday,June,2017,2017-01-01,2017-06-01,2017-06-05,4,Weekday,THU,JUN
2017-06-09,Friday,June,2017,2017-01-01,2017-06-01,2017-06-05,5,Weekday,FRI,JUN
2017-06-10,Saturday,June,2017,2017-01-01,2017-06-01,2017-06-05,6,Weekend,SAT,JUN
2017-06-11,Sunday,June,2017,2017-01-01,2017-06-01,2017-06-05,7,Weekend,SUN,JUN
2017-06-12,Monday,June,2017,2017-01-01,2017-06-01,2017-06-12,1,Weekday,MON,JUN
2017-06-13,Tuesday,June,2017,2017-01-01,2017-06-01,2017-06-12,2,Weekday,TUE,JUN
2017-06-14,Wednesday,June,2017,2017-01-01,2017-06-01,2017-06-12,3,Weekday,WED,JUN
2017-06-15,Thursday,June,2017,2017-01-01,2017-06-01,2017-06-12,4,Weekday,THU,JUN
2017-06-16,Friday,June,2017,2017-01-01,2017-06-01,2017-06-12,5,Weekday,FRI,JUN
2017-06-17,Saturday,June,2017,2017-01-01,2017-06-01,2017-06-12,6,Weekend,SAT,JUN
2017-06-18,Sunday,June,2017,2017-01-01,2017-06-01,2017-06-12,7,Weekend,SUN,JUN
2017-06-19,Monday,June,2017,2017-01-01,2017-06-01,2017-06-19,1,Weekday,MON,JUN
2017-06-20,Tuesday,June,2017,2017-01-01,2017-06-01,2017-06-19,2,Weekday,TUE,JUN
2017-06-21,Wednesday,June,2017,2017-01-01,2017-06-01,2017-06-19,3,Weekday,WED,JUN
2017-06-22,Thursday,June,2017,2017-01-01,2017-06-01,2017-06-19,4,Weekday,THU,JUN
2017-06-23,Friday,June,2017,2017-01-01,2017-06-01,2017-06-19,5,Weekday,FRI,JUN
2017-06-24,Saturday,June,2017,2017-01-01,2017-06-01,2017-06-19,6,Weekend,SAT,JUN
2017-06-25,Sunday,June,2017,2017-01-01,2017-06-01,2017-06-19,7,Weekend,SUN,JUN
2017-06-26,Monday,June,2017,2017-01-01,2017-06-01,2017-06-26,1,Weekday,MON,JUN
2017-06-27,Tuesday,June,2017,2017-01-01,2017-06-01,2017-06-26,2,Weekday,TUE,JUN
2017-06-28,Wednesday,June,2017,2017-01-01,2017-06-01,2017-06-26,3,Weekday,WED,JUN
2017-06-29,Thursday,June,2017,2017-01-01,2017-06-01,2017-06-26,4,Weekday,THU,JUN
2017-06-30,Friday,June,2017,2017-01-01,2017-06-01,2017-06-26,5,Weekday,FRI,JUN
